species_pair,phenotype_group,total_genome_pair,positive_genome_pair,transfer_rate,phylogeny,diff
10_1-335_1,IBD,40,0,0,1.6868521560000005,0
10_1-335_1,non-IBD,50,0,0,1.6868521560000005,0
10_1-338_1,IBD,26,0,0,1.721017938,0
10_1-338_1,non-IBD,43,0,0,1.721017938,0
10_1-48_2,IBD,16,0,0,1.0693917819999998,0
10_1-48_2,non-IBD,14,0,0,1.0693917819999998,0
10_1-66_5,IBD,28,0,0,1.599649633,0
10_1-66_5,non-IBD,16,0,0,1.599649633,0
10_2-26_2,IBD,15,0,0,1.1620874209999994,-0.26865671641791045
10_2-26_2,non-IBD,67,18,0.26865671641791045,1.1620874209999994,-0.26865671641791045
10_2-32_1,IBD,11,1,0.09090909090909091,1.0463501019999994,-0.009090909090909094
10_2-32_1,non-IBD,30,3,0.1,1.0463501019999994,-0.009090909090909094
10_2-334_1,IBD,11,0,0,1.689764482,0
10_2-334_1,non-IBD,77,0,0,1.689764482,0
10_2-335_1,IBD,121,0,0,1.6869679849999997,0
10_2-335_1,non-IBD,1438,0,0,1.6869679849999997,0
10_2-338_1,IBD,161,0,0,1.7211337670000002,0
10_2-338_1,non-IBD,780,0,0,1.7211337670000002,0
10_2-44_3,IBD,33,17,0.5151515151515151,1.0591959219999998,0.2910135841170324
10_2-44_3,non-IBD,58,13,0.22413793103448276,1.0591959219999998,0.2910135841170324
10_2-45_1,IBD,216,34,0.1574074074074074,1.1386622349999995,-0.1267017418702812
10_2-45_1,non-IBD,623,177,0.2841091492776886,1.1386622349999995,-0.1267017418702812
10_2-48_2,IBD,71,39,0.5492957746478874,1.0695076109999997,0.23628764456658657
10_2-48_2,non-IBD,246,77,0.3130081300813008,1.0695076109999997,0.23628764456658657
10_2-66_5,IBD,18,0,0,1.599765462,0
10_2-66_5,non-IBD,488,0,0,1.599765462,0
10_2-96_1,IBD,15,0,0,2.230105535,0
10_2-96_1,non-IBD,31,0,0,2.230105535,0
10_2-97_1,IBD,36,0,0,2.262253616,0
10_2-97_1,non-IBD,37,0,0,2.262253616,0
101_1-102_1,IBD,21,0,0,0.9496774879999998,0
101_1-102_1,non-IBD,13,0,0,0.9496774879999998,0
101_1-335_1,IBD,608,0,0,2.022973672,0
101_1-335_1,non-IBD,403,0,0,2.022973672,0
101_1-338_1,IBD,104,0,0,2.057139454,0
101_1-338_1,non-IBD,347,0,0,2.057139454,0
101_1-66_5,IBD,78,0,0,2.140018555,0
101_1-66_5,non-IBD,163,0,0,2.140018555,0
102_1-120_1,IBD,36,0,0,0.7895888919999994,0
102_1-120_1,non-IBD,29,0,0,0.7895888919999994,0
102_1-229_3,IBD,65,0,0,0.9209054669999994,0
102_1-229_3,non-IBD,84,0,0,0.9209054669999994,0
102_1-238_3,IBD,24,0,0,0.9013490939999992,0
102_1-238_3,non-IBD,21,0,0,0.9013490939999992,0
102_1-32_1,IBD,14,0,0,2.561545438999999,0
102_1-32_1,non-IBD,26,0,0,2.561545438999999,0
102_1-334_1,IBD,13,0,0,2.081956739,0
102_1-334_1,non-IBD,42,0,0,2.081956739,0
102_1-335_1,IBD,202,0,0,2.0791602419999995,0
102_1-335_1,non-IBD,834,0,0,2.0791602419999995,0
102_1-338_1,IBD,63,0,0,2.113326023999999,0
102_1-338_1,non-IBD,524,0,0,2.113326023999999,0
102_1-45_1,IBD,38,0,0,2.653857572,0
102_1-45_1,non-IBD,333,0,0,2.653857572,0
102_1-48_2,IBD,47,0,0,2.584702947999999,0
102_1-48_2,non-IBD,195,0,0,2.584702947999999,0
102_1-66_5,IBD,150,0,0,2.196205124999999,0
102_1-66_5,non-IBD,310,0,0,2.196205124999999,0
102_2-32_1,IBD,62,0,0,2.5619510559999994,0
102_2-32_1,non-IBD,23,0,0,2.5619510559999994,0
102_2-334_1,IBD,23,0,0,2.082362356,0
102_2-334_1,non-IBD,27,0,0,2.082362356,0
102_2-335_1,IBD,72,0,0,2.079565859,0
102_2-335_1,non-IBD,305,0,0,2.079565859,0
102_2-338_1,IBD,27,0,0,2.113731641,0
102_2-338_1,non-IBD,153,0,0,2.113731641,0
102_2-45_1,IBD,54,0,0,2.654263188999999,0
102_2-45_1,non-IBD,86,0,0,2.654263188999999,0
102_2-46_1,IBD,12,0,0,2.522886564999999,0
102_2-46_1,non-IBD,18,0,0,2.522886564999999,0
102_2-48_2,IBD,14,0,0,2.585108564999999,0
102_2-48_2,non-IBD,56,0,0,2.585108564999999,0
102_2-66_5,IBD,26,0,0,2.1966107419999994,0
102_2-66_5,non-IBD,141,0,0,2.1966107419999994,0
102_2-97_1,IBD,14,0,0,0.7306782959999998,0
102_2-97_1,non-IBD,17,0,0,0.7306782959999998,0
109_1-326_1,IBD,13,0,0,1.944506526,0
109_1-326_1,non-IBD,18,0,0,1.944506526,0
109_1-335_1,IBD,20,0,0,2.025502293,0
109_1-335_1,non-IBD,56,0,0,2.025502293,0
109_1-338_1,IBD,13,0,0,2.059668075,0
109_1-338_1,non-IBD,22,0,0,2.059668075,0
109_1-66_5,IBD,23,0,0,2.142547175999999,0
109_1-66_5,non-IBD,23,0,0,2.142547175999999,0
11_1-335_1,IBD,62,0,0,1.6702016459999995,0
11_1-335_1,non-IBD,282,0,0,1.6702016459999995,0
11_1-338_1,IBD,20,0,0,1.704367428,0
11_1-338_1,non-IBD,148,0,0,1.704367428,0
11_1-66_5,IBD,13,0,0,1.5829991229999998,0
11_1-66_5,non-IBD,192,0,0,1.5829991229999998,0
111_1-45_1,IBD,70,0,0,2.5883892269999995,0
111_1-45_1,non-IBD,86,0,0,2.5883892269999995,0
112_1-179_1,IBD,18,0,0,1.3806238750000004,0
112_1-179_1,non-IBD,35,0,0,1.3806238750000004,0
112_1-229_3,IBD,47,0,0,0.8605092879999998,0
112_1-229_3,non-IBD,142,0,0,0.8605092879999998,0
112_1-233_3,IBD,12,0,0,0.8628419250000001,0
112_1-233_3,non-IBD,14,0,0,0.8628419250000001,0
112_1-238_3,IBD,12,0,0,0.8409529149999999,0
112_1-238_3,non-IBD,21,0,0,0.8409529149999999,0
112_1-26_2,IBD,29,0,0,2.6168865789999995,0
112_1-26_2,non-IBD,104,0,0,2.6168865789999995,0
112_1-32_1,IBD,69,0,0,2.50114926,0
112_1-32_1,non-IBD,46,0,0,2.50114926,0
112_1-326_1,IBD,22,0,0,1.937768296,0
112_1-326_1,non-IBD,58,0,0,1.937768296,0
112_1-334_1,IBD,15,0,0,2.02156056,0
112_1-334_1,non-IBD,81,0,0,2.02156056,0
112_1-335_1,IBD,288,0,0,2.018764063,0
112_1-335_1,non-IBD,1311,0,0,2.018764063,0
112_1-336_1,IBD,87,0,0,2.036752611,0
112_1-336_1,non-IBD,12,0,0,2.036752611,0
112_1-338_1,IBD,456,0,0,2.0529298450000004,0
112_1-338_1,non-IBD,695,0,0,2.0529298450000004,0
112_1-43_1,IBD,12,0,0,2.508212502,0
112_1-43_1,non-IBD,53,0,0,2.508212502,0
112_1-44_1,IBD,25,0,0,2.51328464,0
112_1-44_1,non-IBD,27,0,0,2.51328464,0
112_1-44_3,IBD,20,0,0,2.51399508,0
112_1-44_3,non-IBD,80,0,0,2.51399508,0
112_1-45_1,IBD,398,0,0,2.593461393,0
112_1-45_1,non-IBD,346,0,0,2.593461393,0
112_1-46_1,IBD,30,0,0,2.462084769,0
112_1-46_1,non-IBD,153,0,0,2.462084769,0
112_1-48_2,IBD,92,0,0,2.524306769,0
112_1-48_2,non-IBD,401,0,0,2.524306769,0
112_1-66_3,IBD,24,0,0,2.142851162,0
112_1-66_3,non-IBD,27,0,0,2.142851162,0
112_1-66_5,IBD,148,0,0,2.135808946,0
112_1-66_5,non-IBD,677,0,0,2.135808946,0
112_1-96_1,IBD,28,0,0,0.8226588190000004,-0.10256410256410256
112_1-96_1,non-IBD,39,4,0.10256410256410256,0.8226588190000004,-0.10256410256410256
112_1-97_1,IBD,37,0,0,0.8548069000000003,-0.047619047619047616
112_1-97_1,non-IBD,42,2,0.047619047619047616,0.8548069000000003,-0.047619047619047616
113_1-335_1,IBD,120,0,0,1.980763898,0
113_1-335_1,non-IBD,12,0,0,1.980763898,0
113_1-338_1,IBD,24,0,0,2.01492968,0
113_1-338_1,non-IBD,27,0,0,2.01492968,0
113_1-66_5,IBD,23,0,0,2.097808781,0
113_1-66_5,non-IBD,23,0,0,2.097808781,0
114_1-66_5,IBD,26,0,0,2.093654822,0
114_1-66_5,non-IBD,97,0,0,2.093654822,0
114_1-96_1,IBD,12,12,1,0.7805046950000003,1
114_1-96_1,non-IBD,16,0,0,0.7805046950000003,1
114_2-334_1,IBD,12,0,0,1.979124192,0
114_2-334_1,non-IBD,115,0,0,1.979124192,0
114_2-338_1,IBD,26,0,0,2.010493477,0
114_2-338_1,non-IBD,121,0,0,2.010493477,0
114_2-45_1,IBD,91,0,0,2.5510250249999995,0
114_2-45_1,non-IBD,117,0,0,2.5510250249999995,0
114_2-48_2,IBD,51,0,0,2.481870401,0
114_2-48_2,non-IBD,23,0,0,2.481870401,0
119_1-120_1,IBD,31,0,0,0.1042140119999999,0
119_1-120_1,non-IBD,18,0,0,0.1042140119999999,0
119_1-283_1,IBD,12,0,0,1.4181970749999997,0
119_1-283_1,non-IBD,66,0,0,1.4181970749999997,0
119_1-334_3,IBD,61,0,0,1.873029263,0
119_1-334_3,non-IBD,18,0,0,1.873029263,0
119_1-335_1,IBD,197,0,0,1.8630864019999995,0
119_1-335_1,non-IBD,937,0,0,1.8630864019999995,0
119_1-338_1,IBD,49,0,0,1.897252184,0
119_1-338_1,non-IBD,522,0,0,1.897252184,0
119_1-66_5,IBD,115,0,0,1.980131285,0
119_1-66_5,non-IBD,508,0,0,1.980131285,0
12_1-32_1,IBD,18,0,0,1.0361317329999995,0
12_1-32_1,non-IBD,15,0,0,1.0361317329999995,0
120_1-229_3,IBD,52,0,0,0.7046303009999995,0
120_1-229_3,non-IBD,85,0,0,0.7046303009999995,0
120_1-334_3,IBD,41,0,0,1.872827937,0
120_1-334_3,non-IBD,36,0,0,1.872827937,0
120_1-335_1,IBD,619,0,0,1.8628850759999995,0
120_1-335_1,non-IBD,439,0,0,1.8628850759999995,0
120_1-338_1,IBD,151,0,0,1.897050858,0
120_1-338_1,non-IBD,198,0,0,1.897050858,0
120_1-45_1,IBD,32,0,0,2.437582406,0
120_1-45_1,non-IBD,80,0,0,2.437582406,0
120_1-48_2,IBD,11,0,0,2.3684277819999995,0
120_1-48_2,non-IBD,88,0,0,2.3684277819999995,0
120_1-66_5,IBD,355,0,0,1.979929959,0
120_1-66_5,non-IBD,133,0,0,1.979929959,0
120_1-76_2,IBD,214,0,0,1.976303795,0
120_1-76_2,non-IBD,12,0,0,1.976303795,0
121_1-338_1,IBD,12,0,0,2.006983463,0
121_1-338_1,non-IBD,128,0,0,2.006983463,0
121_1-45_1,IBD,22,0,0,2.547515011,0
121_1-45_1,non-IBD,72,0,0,2.547515011,0
121_1-66_5,IBD,65,0,0,2.089862564,0
121_1-66_5,non-IBD,67,0,0,2.089862564,0
121_1-97_1,IBD,15,0,0,0.8088605179999999,0
121_1-97_1,non-IBD,17,0,0,0.8088605179999999,0
125_1-229_3,IBD,34,0,0,0.7320696649999996,0
125_1-229_3,non-IBD,106,0,0,0.7320696649999996,0
125_1-233_3,IBD,12,0,0,0.7344023019999999,0
125_1-233_3,non-IBD,12,0,0,0.7344023019999999,0
125_1-335_1,IBD,80,0,0,1.89032444,0
125_1-335_1,non-IBD,1129,0,0,1.89032444,0
125_1-338_1,IBD,107,0,0,1.924490222,0
125_1-338_1,non-IBD,632,0,0,1.924490222,0
125_1-42_2,IBD,28,0,0,2.373183869,0
125_1-42_2,non-IBD,44,0,0,2.373183869,0
125_1-44_3,IBD,25,0,0,2.385555457,0
125_1-44_3,non-IBD,27,0,0,2.385555457,0
125_1-45_1,IBD,263,0,0,2.465021769999999,0
125_1-45_1,non-IBD,268,0,0,2.465021769999999,0
125_1-48_2,IBD,33,0,0,2.395867146,0
125_1-48_2,non-IBD,186,0,0,2.395867146,0
125_1-66_5,IBD,16,0,0,2.007369323,0
125_1-66_5,non-IBD,407,0,0,2.007369323,0
125_1-96_1,IBD,33,0,0,0.6942191960000001,0
125_1-96_1,non-IBD,53,0,0,0.6942191960000001,0
125_1-97_1,IBD,22,0,0,0.726367277,-0.014705882352941176
125_1-97_1,non-IBD,68,1,0.014705882352941176,0.726367277,-0.014705882352941176
13_1-335_1,IBD,143,0,0,1.6055784729999998,0
13_1-335_1,non-IBD,213,0,0,1.6055784729999998,0
13_1-338_1,IBD,109,0,0,1.639744255,0
13_1-338_1,non-IBD,160,0,0,1.639744255,0
13_1-45_1,IBD,121,4,0.03305785123966942,1.0572727229999992,0.01382708200890019
13_1-45_1,non-IBD,52,1,0.019230769230769232,1.0572727229999992,0.01382708200890019
13_1-48_2,IBD,42,3,0.07142857142857142,0.9881180989999998,-0.019480519480519487
13_1-48_2,non-IBD,22,2,0.09090909090909091,0.9881180989999998,-0.019480519480519487
13_1-66_5,IBD,26,0,0,1.51837595,0
13_1-66_5,non-IBD,62,0,0,1.51837595,0
14_1-229_3,IBD,55,0,0,2.177840413,0
14_1-229_3,non-IBD,31,0,0,2.177840413,0
14_1-335_1,IBD,189,0,0,1.758653134,0
14_1-335_1,non-IBD,442,0,0,1.758653134,0
14_1-338_1,IBD,201,0,0,1.7928189159999997,0
14_1-338_1,non-IBD,221,0,0,1.7928189159999997,0
14_1-42_2,IBD,27,0,0,0.8609911590000001,-0.15151515151515152
14_1-42_2,non-IBD,33,5,0.15151515151515152,0.8609911590000001,-0.15151515151515152
14_1-44_3,IBD,42,10,0.23809523809523808,0.8733627469999998,-0.14652014652014655
14_1-44_3,non-IBD,26,10,0.38461538461538464,0.8733627469999998,-0.14652014652014655
14_1-45_1,IBD,219,3,0.0136986301369863,0.9528290599999996,-0.2976221245799948
14_1-45_1,non-IBD,106,33,0.3113207547169811,0.9528290599999996,-0.2976221245799948
14_1-48_2,IBD,60,6,0.1,0.8836744359999997,-0.0875
14_1-48_2,non-IBD,96,18,0.1875,0.8836744359999997,-0.0875
14_1-66_5,IBD,73,0,0,1.6714506109999998,0
14_1-66_5,non-IBD,161,0,0,1.6714506109999998,0
14_1-96_1,IBD,14,0,0,2.301790684,0
14_1-96_1,non-IBD,15,0,0,2.301790684,0
14_1-97_1,IBD,29,0,0,2.333938765,0
14_1-97_1,non-IBD,15,0,0,2.333938765,0
171_1-66_5,IBD,26,0,0,1.98513711,0
171_1-66_5,non-IBD,25,0,0,1.98513711,0
179_1-229_3,IBD,90,0,0,1.1942607229999993,0
179_1-229_3,non-IBD,74,0,0,1.1942607229999993,0
179_1-233_3,IBD,26,0,0,1.1965933599999996,0
179_1-233_3,non-IBD,20,0,0,1.1965933599999996,0
179_1-26_2,IBD,54,0,0,2.199409874,0
179_1-26_2,non-IBD,11,0,0,2.199409874,0
179_1-338_1,IBD,54,0,0,1.63545314,0
179_1-338_1,non-IBD,130,0,0,1.63545314,0
179_1-46_1,IBD,13,0,0,2.044608064,0
179_1-46_1,non-IBD,22,0,0,2.044608064,0
179_1-48_2,IBD,12,0,0,2.106830064,0
179_1-48_2,non-IBD,15,0,0,2.106830064,0
180_1-229_3,IBD,30,0,0,1.206736487999999,0
180_1-229_3,non-IBD,26,0,0,1.206736487999999,0
180_1-238_3,IBD,45,0,0,1.1871801149999994,0
180_1-238_3,non-IBD,63,0,0,1.1871801149999994,0
180_1-335_1,IBD,12,0,0,1.6137631229999998,0
180_1-335_1,non-IBD,74,0,0,1.6137631229999998,0
180_1-338_1,IBD,72,0,0,1.6479289049999994,0
180_1-338_1,non-IBD,41,0,0,1.6479289049999994,0
180_1-45_1,IBD,78,0,0,2.188460453,0
180_1-45_1,non-IBD,18,0,0,2.188460453,0
180_1-48_2,IBD,30,0,0,2.1193058289999995,0
180_1-48_2,non-IBD,18,0,0,2.1193058289999995,0
180_1-66_5,IBD,154,0,0,1.7308080059999995,0
180_1-66_5,non-IBD,74,0,0,1.7308080059999995,0
181_3-229_3,IBD,19,0,0,1.2014751089999995,0
181_3-229_3,non-IBD,95,0,0,1.2014751089999995,0
181_3-335_1,IBD,24,0,0,1.6085017439999996,0
181_3-335_1,non-IBD,211,0,0,1.6085017439999996,0
181_3-338_1,IBD,17,0,0,1.6426675259999997,0
181_3-338_1,non-IBD,99,0,0,1.6426675259999997,0
181_3-45_1,IBD,30,0,0,2.183199074,0
181_3-45_1,non-IBD,21,0,0,2.183199074,0
181_3-66_5,IBD,23,0,0,1.7255466269999995,0
181_3-66_5,non-IBD,70,0,0,1.7255466269999995,0
192_1-335_1,IBD,20,0,0,1.617319461,0
192_1-335_1,non-IBD,33,0,0,1.617319461,0
192_1-338_1,IBD,13,0,0,1.6514852429999995,0
192_1-338_1,non-IBD,96,0,0,1.6514852429999995,0
193_2-45_1,IBD,29,0,0,2.2214150269999995,0
193_2-45_1,non-IBD,276,0,0,2.2214150269999995,0
20_1-226_1,IBD,32,0,0,2.3182823059999995,0
20_1-226_1,non-IBD,11,0,0,2.3182823059999995,0
20_1-26_2,IBD,14,0,0,0.1399771210000002,-0.45454545454545453
20_1-26_2,non-IBD,44,20,0.45454545454545453,0.1399771210000002,-0.45454545454545453
20_1-32_1,IBD,36,28,0.7777777777777778,0.4778416559999998,0.4329501915708812
20_1-32_1,non-IBD,29,10,0.3448275862068966,0.4778416559999998,0.4329501915708812
20_1-334_1,IBD,39,0,0,2.00165453,0
20_1-334_1,non-IBD,12,0,0,2.00165453,0
20_1-335_1,IBD,346,0,0,1.998858033,0
20_1-335_1,non-IBD,709,0,0,1.998858033,0
20_1-338_1,IBD,120,0,0,2.033023815,0
20_1-338_1,non-IBD,402,0,0,2.033023815,0
20_1-39_5,IBD,21,21,1,0.4876162420000001,0.96
20_1-39_5,non-IBD,25,1,0.04,0.4876162420000001,0.96
20_1-45_1,IBD,285,75,0.2631578947368421,0.1653756569999998,0.16219635627530363
20_1-45_1,non-IBD,208,21,0.10096153846153846,0.1653756569999998,0.16219635627530363
20_1-46_1,IBD,14,12,0.8571428571428571,0.4387771649999998,0.6840659340659341
20_1-46_1,non-IBD,52,9,0.17307692307692307,0.4387771649999998,0.6840659340659341
20_1-48_2,IBD,102,42,0.4117647058823529,0.5009991650000001,0.14689984101748804
20_1-48_2,non-IBD,185,49,0.2648648648648649,0.5009991650000001,0.14689984101748804
20_1-66_5,IBD,44,0,0,1.91165551,0
20_1-66_5,non-IBD,368,0,0,1.91165551,0
20_1-9_2,IBD,14,14,1,1.1538092009999996,0.2857142857142857
20_1-9_2,non-IBD,14,10,0.7142857142857143,1.1538092009999996,0.2857142857142857
20_1-97_1,IBD,77,0,0,2.574143664,0
20_1-97_1,non-IBD,37,0,0,2.574143664,0
204_1-335_1,IBD,12,0,0,1.6338713679999992,0
204_1-335_1,non-IBD,75,0,0,1.6338713679999992,0
204_1-66_5,IBD,26,0,0,1.7509162509999996,0
204_1-66_5,non-IBD,183,0,0,1.7509162509999996,0
219_1-331_1,IBD,30,0,0,1.712690181,0
219_1-331_1,non-IBD,15,0,0,1.712690181,0
219_1-335_1,IBD,690,0,0,1.7127893999999997,0
219_1-335_1,non-IBD,164,0,0,1.7127893999999997,0
219_1-338_1,IBD,330,0,0,1.7469551819999996,0
219_1-338_1,non-IBD,116,0,0,1.7469551819999996,0
219_1-66_5,IBD,120,0,0,1.829834283,0
219_1-66_5,non-IBD,33,0,0,1.829834283,0
223_1-335_1,IBD,126,0,0,1.7456674569999997,0
223_1-335_1,non-IBD,584,0,0,1.7456674569999997,0
223_1-338_1,IBD,182,0,0,1.7798332389999996,0
223_1-338_1,non-IBD,301,0,0,1.7798332389999996,0
223_1-66_5,IBD,189,0,0,1.86271234,0
223_1-66_5,non-IBD,253,0,0,1.86271234,0
224_1-335_1,IBD,32,0,0,1.7403169809999997,0
224_1-335_1,non-IBD,126,0,0,1.7403169809999997,0
224_1-338_1,IBD,85,0,0,1.7744827629999995,0
224_1-338_1,non-IBD,36,0,0,1.7744827629999995,0
224_1-45_1,IBD,46,0,0,2.315014310999999,0
224_1-45_1,non-IBD,13,0,0,2.315014310999999,0
224_1-48_2,IBD,14,0,0,2.245859687,0
224_1-48_2,non-IBD,27,0,0,2.245859687,0
224_1-66_5,IBD,99,0,0,1.857361864,0
224_1-66_5,non-IBD,55,0,0,1.857361864,0
226_1-226_2,IBD,22,2,0.09090909090909091,0.0074782500000001,0.09090909090909091
226_1-226_2,non-IBD,28,0,0,0.0074782500000001,0.09090909090909091
226_1-229_3,IBD,39,0,0,0.5045252279999999,0
226_1-229_3,non-IBD,37,0,0,0.5045252279999999,0
226_1-318_56,IBD,17,0,0,1.6019864519999998,0
226_1-318_56,non-IBD,34,0,0,1.6019864519999998,0
226_1-32_1,IBD,72,0,0,2.2150231019999995,0
226_1-32_1,non-IBD,127,0,0,2.2150231019999995,0
226_1-326_1,IBD,202,0,0,1.6516421379999997,0
226_1-326_1,non-IBD,16,0,0,1.6516421379999997,0
226_1-335_1,IBD,230,0,0,1.7326379049999996,-0.0018744142455482662
226_1-335_1,non-IBD,1067,2,0.0018744142455482662,1.7326379049999996,-0.0018744142455482662
226_1-338_1,IBD,179,0,0,1.7668036869999997,0
226_1-338_1,non-IBD,230,0,0,1.7668036869999997,0
226_1-39_5,IBD,42,0,0,2.224797688,0
226_1-39_5,non-IBD,31,0,0,2.224797688,0
226_1-44_3,IBD,18,0,0,2.2278689219999994,0
226_1-44_3,non-IBD,44,0,0,2.2278689219999994,0
226_1-45_1,IBD,108,0,0,2.307335235,0
226_1-45_1,non-IBD,106,0,0,2.307335235,0
226_1-48_2,IBD,62,0,0,2.238180611,-0.06862745098039216
226_1-48_2,non-IBD,204,14,0.06862745098039216,2.238180611,-0.06862745098039216
226_1-66_5,IBD,434,0,0,1.8496827879999995,0
226_1-66_5,non-IBD,472,0,0,1.8496827879999995,0
226_1-96_1,IBD,34,0,0,0.6983334009999997,0
226_1-96_1,non-IBD,15,0,0,0.6983334009999997,0
226_1-97_1,IBD,44,0,0,0.7304814819999996,-0.14285714285714285
226_1-97_1,non-IBD,49,7,0.14285714285714285,0.7304814819999996,-0.14285714285714285
226_2-338_1,IBD,36,0,0,1.7666268889999996,0
226_2-338_1,non-IBD,211,0,0,1.7666268889999996,0
226_2-45_1,IBD,23,0,0,2.307158437,0
226_2-45_1,non-IBD,229,0,0,2.307158437,0
226_2-66_5,IBD,25,0,0,1.8495059899999995,0
226_2-66_5,non-IBD,167,0,0,1.8495059899999995,0
228_1-229_3,IBD,30,0,0,0.2348490529999995,0
228_1-229_3,non-IBD,26,0,0,0.2348490529999995,0
228_1-338_1,IBD,96,44,0.4583333333333333,1.887000186,0.4583333333333333
228_1-338_1,non-IBD,28,0,0,1.887000186,0.4583333333333333
228_1-48_2,IBD,24,1,0.041666666666666664,2.35837711,0.041666666666666664
228_1-48_2,non-IBD,11,0,0,2.35837711,0.041666666666666664
228_1-66_5,IBD,18,0,0,1.969879287,0
228_1-66_5,non-IBD,47,0,0,1.969879287,0
228_2-66_5,IBD,19,0,0,1.967850455,0
228_2-66_5,non-IBD,18,0,0,1.967850455,0
229_3-233_1,IBD,26,0,0,0.2154876549999995,-0.057692307692307696
229_3-233_1,non-IBD,52,3,0.057692307692307696,0.2154876549999995,-0.057692307692307696
229_3-233_3,IBD,144,0,0,0.2167481969999998,-0.013071895424836602
229_3-233_3,non-IBD,153,2,0.013071895424836602,0.2167481969999998,-0.013071895424836602
229_3-26_2,IBD,135,0,0,2.430523427,0
229_3-26_2,non-IBD,205,0,0,2.430523427,0
229_3-318_56,IBD,26,0,0,1.7017494579999994,0
229_3-318_56,non-IBD,294,0,0,1.7017494579999994,0
229_3-32_1,IBD,11,0,0,2.3147861079999994,0
229_3-32_1,non-IBD,118,0,0,2.3147861079999994,0
229_3-326_1,IBD,82,0,0,1.7514051439999996,0
229_3-326_1,non-IBD,121,0,0,1.7514051439999996,0
229_3-330_1,IBD,31,0,0,1.853725593,0
229_3-330_1,non-IBD,52,0,0,1.853725593,0
229_3-334_1,IBD,18,0,0,1.835197408,0
229_3-334_1,non-IBD,305,0,0,1.835197408,0
229_3-335_1,IBD,397,0,0,1.832400911,-0.005302695536897923
229_3-335_1,non-IBD,2263,12,0.005302695536897923,1.832400911,-0.005302695536897923
229_3-338_1,IBD,592,19,0.03209459459459459,1.8665666929999991,0.03209459459459459
229_3-338_1,non-IBD,1509,0,0,1.8665666929999991,0.03209459459459459
229_3-42_2,IBD,122,0,0,2.31526034,0
229_3-42_2,non-IBD,91,0,0,2.31526034,0
229_3-44_1,IBD,76,0,0,2.326921487999999,0
229_3-44_1,non-IBD,70,0,0,2.326921487999999,0
229_3-44_3,IBD,71,0,0,2.327631928,0
229_3-44_3,non-IBD,128,0,0,2.327631928,0
229_3-45_1,IBD,986,0,0,2.407098240999999,0
229_3-45_1,non-IBD,360,0,0,2.407098240999999,0
229_3-46_1,IBD,41,0,0,2.275721616999999,0
229_3-46_1,non-IBD,295,0,0,2.275721616999999,0
229_3-48_2,IBD,131,0,0,2.337943616999999,-0.0018450184501845018
229_3-48_2,non-IBD,542,1,0.0018450184501845018,2.337943616999999,-0.0018450184501845018
229_3-52_1,IBD,13,0,0,2.340019605,0
229_3-52_1,non-IBD,21,0,0,2.340019605,0
229_3-66_5,IBD,271,0,0,1.949445794,0
229_3-66_5,non-IBD,832,0,0,1.949445794,0
229_3-90_1,IBD,30,0,0,0.6380705589999995,0
229_3-90_1,non-IBD,72,0,0,0.6380705589999995,0
229_3-96_1,IBD,59,0,0,0.7980964069999996,0
229_3-96_1,non-IBD,121,0,0,0.7980964069999996,0
229_3-97_1,IBD,28,0,0,0.8302444879999995,0
229_3-97_1,non-IBD,151,0,0,0.8302444879999995,0
233_1-338_1,IBD,69,0,0,1.867638788,0
233_1-338_1,non-IBD,30,0,0,1.867638788,0
233_1-45_1,IBD,70,0,0,2.408170335999999,0
233_1-45_1,non-IBD,11,0,0,2.408170335999999,0
233_1-48_2,IBD,22,0,0,2.339015712,0
233_1-48_2,non-IBD,40,0,0,2.339015712,0
233_1-66_5,IBD,16,0,0,1.950517889,0
233_1-66_5,non-IBD,54,0,0,1.950517889,0
233_3-26_2,IBD,46,0,0,2.432856064,0
233_3-26_2,non-IBD,21,0,0,2.432856064,0
233_3-335_1,IBD,28,0,0,1.834733548,0
233_3-335_1,non-IBD,242,0,0,1.834733548,0
233_3-338_1,IBD,246,48,0.1951219512195122,1.86889933,0.1951219512195122
233_3-338_1,non-IBD,120,0,0,1.86889933,0.1951219512195122
233_3-42_2,IBD,43,0,0,2.317592977,0
233_3-42_2,non-IBD,13,0,0,2.317592977,0
233_3-44_3,IBD,26,0,0,2.329964565,0
233_3-44_3,non-IBD,13,0,0,2.329964565,0
233_3-45_1,IBD,339,0,0,2.409430878,0
233_3-45_1,non-IBD,23,0,0,2.409430878,0
233_3-46_1,IBD,12,0,0,2.278054254,0
233_3-46_1,non-IBD,22,0,0,2.278054254,0
233_3-48_2,IBD,68,1,0.014705882352941176,2.3402762539999995,0.014705882352941176
233_3-48_2,non-IBD,50,0,0,2.3402762539999995,0.014705882352941176
233_3-66_5,IBD,93,0,0,1.951778431,0
233_3-66_5,non-IBD,67,0,0,1.951778431,0
234_1-335_1,IBD,54,0,0,1.8278702609999995,0
234_1-335_1,non-IBD,16,0,0,1.8278702609999995,0
234_2-338_1,IBD,24,0,0,1.858681455,0
234_2-338_1,non-IBD,18,0,0,1.858681455,0
238_3-32_1,IBD,51,0,0,2.295229734999999,0
238_3-32_1,non-IBD,21,0,0,2.295229734999999,0
238_3-336_1,IBD,60,0,0,1.8308330859999995,0
238_3-336_1,non-IBD,21,0,0,1.8308330859999995,0
238_3-43_1,IBD,18,0,0,2.302292977,0
238_3-43_1,non-IBD,21,0,0,2.302292977,0
238_3-44_3,IBD,96,0,0,2.3080755549999994,0
238_3-44_3,non-IBD,21,0,0,2.3080755549999994,0
238_3-45_1,IBD,596,0,0,2.387541867999999,0
238_3-45_1,non-IBD,24,0,0,2.387541867999999,0
238_3-66_5,IBD,346,0,0,1.9298894209999995,0
238_3-66_5,non-IBD,106,0,0,1.9298894209999995,0
239_1-66_5,IBD,42,0,0,1.9298925609999995,0
239_1-66_5,non-IBD,13,0,0,1.9298925609999995,0
240_1-335_1,IBD,16,0,0,1.874376056,0
240_1-335_1,non-IBD,268,0,0,1.874376056,0
240_1-338_1,IBD,16,0,0,1.908541838,0
240_1-338_1,non-IBD,133,0,0,1.908541838,0
240_1-45_1,IBD,19,0,0,2.449073385999999,0
240_1-45_1,non-IBD,93,0,0,2.449073385999999,0
240_1-66_5,IBD,31,0,0,1.991420939,0
240_1-66_5,non-IBD,87,0,0,1.991420939,0
252_1-335_1,IBD,26,0,0,1.5531333069999995,0
252_1-335_1,non-IBD,61,0,0,1.5531333069999995,0
252_1-45_1,IBD,36,0,0,2.127830637,0
252_1-45_1,non-IBD,37,0,0,2.127830637,0
252_1-66_5,IBD,24,0,0,1.67017819,0
252_1-66_5,non-IBD,45,0,0,1.67017819,0
26_2-283_1,IBD,12,0,0,2.318840725,0
26_2-283_1,non-IBD,15,0,0,2.318840725,0
26_2-326_1,IBD,24,0,0,1.930340381,0
26_2-326_1,non-IBD,120,0,0,1.930340381,0
26_2-330_1,IBD,20,0,0,2.03266083,0
26_2-330_1,non-IBD,58,0,0,2.03266083,0
26_2-334_1,IBD,45,0,0,2.014132645,0
26_2-334_1,non-IBD,94,0,0,2.014132645,0
26_2-335_1,IBD,698,0,0,2.011336148,0
26_2-335_1,non-IBD,2113,0,0,2.011336148,0
26_2-338_1,IBD,807,0,0,2.0455019299999995,0
26_2-338_1,non-IBD,1505,0,0,2.0455019299999995,0
26_2-42_2,IBD,17,6,0.35294117647058826,0.490794003,0.1490576813249572
26_2-42_2,non-IBD,103,21,0.20388349514563106,0.490794003,0.1490576813249572
26_2-44_1,IBD,125,22,0.176,0.5024551509999999,-0.17535135135135138
26_2-44_1,non-IBD,37,13,0.35135135135135137,0.5024551509999999,-0.17535135135135138
26_2-44_3,IBD,26,5,0.19230769230769232,0.5031655909999997,-0.09115687462144154
26_2-44_3,non-IBD,127,36,0.28346456692913385,0.5031655909999997,-0.09115687462144154
26_2-45_1,IBD,1008,339,0.33630952380952384,0.1778537720000002,-0.2370417547907453
26_2-45_1,non-IBD,743,426,0.5733512786002691,0.1778537720000002,-0.2370417547907453
26_2-46_1,IBD,71,4,0.056338028169014086,0.4512552799999998,-0.3722334004024145
26_2-46_1,non-IBD,238,102,0.42857142857142855,0.4512552799999998,-0.3722334004024145
26_2-48_2,IBD,175,68,0.38857142857142857,0.5134772799999996,-0.035228153892036984
26_2-48_2,non-IBD,479,203,0.42379958246346555,0.5134772799999996,-0.035228153892036984
26_2-66_5,IBD,59,0,0,1.924133625,0
26_2-66_5,non-IBD,1139,0,0,1.924133625,0
26_2-96_1,IBD,41,0,0,2.554473698,0
26_2-96_1,non-IBD,72,0,0,2.554473698,0
26_2-97_1,IBD,66,0,0,2.5866217789999992,0
26_2-97_1,non-IBD,56,0,0,2.5866217789999992,0
267_1-335_1,IBD,87,0,0,1.827533756,0
267_1-335_1,non-IBD,17,0,0,1.827533756,0
268_1-66_5,IBD,17,0,0,1.9624474569999992,0
268_1-66_5,non-IBD,37,0,0,1.9624474569999992,0
269_1-335_1,IBD,44,0,0,1.8404988229999992,0
269_1-335_1,non-IBD,51,0,0,1.8404988229999992,0
283_1-338_1,IBD,120,0,0,1.7548839909999996,0
283_1-338_1,non-IBD,198,0,0,1.7548839909999996,0
283_1-45_1,IBD,112,0,0,2.2954155389999995,0
283_1-45_1,non-IBD,76,0,0,2.2954155389999995,0
283_1-48_2,IBD,34,0,0,2.226260915,0
283_1-48_2,non-IBD,133,0,0,2.226260915,0
283_1-66_5,IBD,57,0,0,1.837763092,0
283_1-66_5,non-IBD,225,0,0,1.837763092,0
297_1-335_1,IBD,15,0,0,1.662755157,0
297_1-335_1,non-IBD,62,0,0,1.662755157,0
297_1-338_1,IBD,42,0,0,1.6969209389999995,0
297_1-338_1,non-IBD,58,0,0,1.6969209389999995,0
297_1-45_1,IBD,36,0,0,2.237452487,0
297_1-45_1,non-IBD,14,0,0,2.237452487,0
297_1-66_5,IBD,27,0,0,1.77980004,0
297_1-66_5,non-IBD,31,0,0,1.77980004,0
298_1-335_1,IBD,54,0,0,1.876371791,0
298_1-335_1,non-IBD,54,0,0,1.876371791,0
298_1-338_1,IBD,22,0,0,1.910537573,0
298_1-338_1,non-IBD,69,0,0,1.910537573,0
298_1-45_1,IBD,24,0,0,2.451069121,0
298_1-45_1,non-IBD,19,0,0,2.451069121,0
30_1-335_1,IBD,33,0,0,2.000165646,0
30_1-335_1,non-IBD,153,0,0,2.000165646,0
30_1-45_1,IBD,33,0,0,0.3972282219999998,-0.6666666666666666
30_1-45_1,non-IBD,18,12,0.6666666666666666,0.3972282219999998,-0.6666666666666666
300_1-338_1,IBD,16,0,0,1.917143895,0
300_1-338_1,non-IBD,27,0,0,1.917143895,0
318_19-335_1,IBD,67,0,0,1.0290614379999998,0
318_19-335_1,non-IBD,271,0,0,1.0290614379999998,0
318_19-338_1,IBD,199,0,0,1.06322722,0
318_19-338_1,non-IBD,42,0,0,1.06322722,0
318_19-44_3,IBD,24,0,0,1.777873221,0
318_19-44_3,non-IBD,18,0,0,1.777873221,0
318_19-48_2,IBD,136,3,0.022058823529411766,1.7881849099999998,0.022058823529411766
318_19-48_2,non-IBD,28,0,0,1.7881849099999998,0.022058823529411766
318_19-66_5,IBD,64,0,0,1.399687087,0
318_19-66_5,non-IBD,40,0,0,1.399687087,0
318_21-335_1,IBD,52,0,0,1.028337466,-0.009287925696594427
318_21-335_1,non-IBD,323,3,0.009287925696594427,1.028337466,-0.009287925696594427
318_21-66_5,IBD,104,0,0,1.398963115,0
318_21-66_5,non-IBD,165,0,0,1.398963115,0
318_24-338_1,IBD,84,0,0,1.062047622,0
318_24-338_1,non-IBD,12,0,0,1.062047622,0
318_24-48_2,IBD,33,0,0,1.7870053119999998,0
318_24-48_2,non-IBD,12,0,0,1.7870053119999998,0
318_24-66_5,IBD,27,0,0,1.398507489,0
318_24-66_5,non-IBD,12,0,0,1.398507489,0
318_38-335_1,IBD,32,0,0,1.0304847499999998,0
318_38-335_1,non-IBD,113,0,0,1.0304847499999998,0
318_56-32_1,IBD,32,0,0,1.7649473759999998,0
318_56-32_1,non-IBD,258,0,0,1.7649473759999998,0
318_56-326_1,IBD,27,0,0,0.59222312,-0.041666666666666664
318_56-326_1,non-IBD,120,5,0.041666666666666664,0.59222312,-0.041666666666666664
318_56-334_1,IBD,44,0,0,1.0317779100000002,0
318_56-334_1,non-IBD,229,0,0,1.0317779100000002,0
318_56-335_1,IBD,842,0,0,1.028981413,-2.952465308532625e-4
318_56-335_1,non-IBD,3387,1,2.952465308532625e-4,1.028981413,-2.952465308532625e-4
318_56-338_1,IBD,292,0,0,1.063147195,-3.4352456200618345e-4
318_56-338_1,non-IBD,2911,1,3.4352456200618345e-4,1.063147195,-3.4352456200618345e-4
318_56-39_5,IBD,14,0,0,1.774721962,0
318_56-39_5,non-IBD,110,0,0,1.774721962,0
318_56-42_2,IBD,14,0,0,1.765421608,0
318_56-42_2,non-IBD,116,0,0,1.765421608,0
318_56-44_1,IBD,47,0,0,1.7770827559999998,0
318_56-44_1,non-IBD,97,0,0,1.7770827559999998,0
318_56-44_3,IBD,22,0,0,1.777793196,0
318_56-44_3,non-IBD,233,0,0,1.777793196,0
318_56-45_1,IBD,291,0,0,1.857259509,0
318_56-45_1,non-IBD,1193,0,0,1.857259509,0
318_56-48_2,IBD,65,0,0,1.788104885,-0.003656307129798903
318_56-48_2,non-IBD,547,2,0.003656307129798903,1.788104885,-0.003656307129798903
318_56-66_5,IBD,138,0,0,1.399607062,-0.0012315270935960591
318_56-66_5,non-IBD,1624,2,0.0012315270935960591,1.399607062,-0.0012315270935960591
318_56-96_1,IBD,12,0,0,1.825699729,0
318_56-96_1,non-IBD,103,0,0,1.825699729,0
32_1-334_1,IBD,183,0,0,1.898395326,0
32_1-334_1,non-IBD,119,0,0,1.898395326,0
32_1-334_3,IBD,24,0,0,1.9055416899999995,0
32_1-334_3,non-IBD,108,0,0,1.9055416899999995,0
32_1-335_1,IBD,382,0,0,1.895598829,0
32_1-335_1,non-IBD,1524,0,0,1.895598829,0
32_1-336_1,IBD,56,0,0,1.913587377,0
32_1-336_1,non-IBD,14,0,0,1.913587377,0
32_1-338_1,IBD,385,0,0,1.929764611,0
32_1-338_1,non-IBD,1476,0,0,1.929764611,0
32_1-39_5,IBD,56,0,0,0.1786090979999994,-0.410958904109589
32_1-39_5,non-IBD,73,30,0.410958904109589,0.1786090979999994,-0.410958904109589
32_1-42_2,IBD,17,6,0.35294117647058826,0.124894834,0.03921568627450983
32_1-42_2,non-IBD,102,32,0.3137254901960784,0.124894834,0.03921568627450983
32_1-43_1,IBD,72,0,0,0.1314838439999999,-0.16666666666666666
32_1-43_1,non-IBD,72,12,0.16666666666666666,0.1314838439999999,-0.16666666666666666
32_1-44_1,IBD,117,86,0.7350427350427351,0.1365559819999999,0.4694177350427351
32_1-44_1,non-IBD,64,17,0.265625,0.1365559819999999,0.4694177350427351
32_1-44_3,IBD,133,37,0.2781954887218045,0.1372664219999997,0.15589333044842318
32_1-44_3,non-IBD,139,17,0.1223021582733813,0.1372664219999997,0.15589333044842318
32_1-45_1,IBD,682,275,0.4032258064516129,0.4668945849999999,-0.008029604803798385
32_1-45_1,non-IBD,693,285,0.41125541125541126,0.4668945849999999,-0.008029604803798385
32_1-46_1,IBD,116,61,0.5258620689655172,0.2464073789999998,0.30050995628946087
32_1-46_1,non-IBD,142,32,0.22535211267605634,0.2464073789999998,0.30050995628946087
32_1-48_2,IBD,329,220,0.668693009118541,0.1919920209999994,0.3423041202296521
32_1-48_2,non-IBD,432,141,0.3263888888888889,0.1919920209999994,0.3423041202296521
32_1-66_5,IBD,617,0,0,1.808396306,-0.009857612267250822
32_1-66_5,non-IBD,913,9,0.009857612267250822,1.808396306,-0.009857612267250822
32_1-90_1,IBD,22,0,0,2.278710531,0
32_1-90_1,non-IBD,41,0,0,2.278710531,0
32_1-97_1,IBD,27,0,0,2.47088446,0
32_1-97_1,non-IBD,42,0,0,2.47088446,0
321_1-66_5,IBD,144,0,0,1.4684910480000002,0
321_1-66_5,non-IBD,22,0,0,1.4684910480000002,0
325_1-335_1,IBD,20,0,0,1.0981230539999998,0
325_1-335_1,non-IBD,39,0,0,1.0981230539999998,0
325_1-338_1,IBD,13,0,0,1.132288836,0
325_1-338_1,non-IBD,52,0,0,1.132288836,0
325_1-66_5,IBD,14,0,0,1.4687487030000002,0
325_1-66_5,non-IBD,15,0,0,1.4687487030000002,0
326_1-32_1,IBD,135,0,0,1.814603062,0
326_1-32_1,non-IBD,63,0,0,1.814603062,0
326_1-334_1,IBD,161,0,0,1.081433596,0
326_1-334_1,non-IBD,29,0,0,1.081433596,0
326_1-335_1,IBD,547,0,0,1.0786370989999998,0
326_1-335_1,non-IBD,521,0,0,1.0786370989999998,0
326_1-338_1,IBD,529,0,0,1.112802881,-0.001440922190201729
326_1-338_1,non-IBD,1388,2,0.001440922190201729,1.112802881,-0.001440922190201729
326_1-39_5,IBD,70,0,0,1.824377648,0
326_1-39_5,non-IBD,30,0,0,1.824377648,0
326_1-44_1,IBD,29,0,0,1.826738442,0
326_1-44_1,non-IBD,41,0,0,1.826738442,0
326_1-44_3,IBD,38,0,0,1.827448882,0
326_1-44_3,non-IBD,46,0,0,1.827448882,0
326_1-45_1,IBD,204,0,0,1.906915195,0
326_1-45_1,non-IBD,217,0,0,1.906915195,0
326_1-48_2,IBD,113,0,0,1.837760571,0
326_1-48_2,non-IBD,363,0,0,1.837760571,0
326_1-66_5,IBD,598,0,0,1.4492627480000002,-0.019553072625698324
326_1-66_5,non-IBD,716,14,0.019553072625698324,1.4492627480000002,-0.019553072625698324
326_1-90_1,IBD,22,0,0,1.7153295669999995,0
326_1-90_1,non-IBD,21,0,0,1.7153295669999995,0
326_1-96_1,IBD,32,0,0,1.875355415,0
326_1-96_1,non-IBD,67,0,0,1.875355415,0
326_1-97_1,IBD,11,0,0,1.907503496,0
326_1-97_1,non-IBD,40,0,0,1.907503496,0
330_1-335_1,IBD,12,0,0,0.240108116,0
330_1-335_1,non-IBD,494,0,0,0.240108116,0
330_1-338_1,IBD,32,0,0,0.2742738979999997,0
330_1-338_1,non-IBD,748,0,0,0.2742738979999997,0
330_1-45_1,IBD,84,0,0,2.009235643999999,0
330_1-45_1,non-IBD,416,0,0,2.009235643999999,0
330_1-66_5,IBD,38,0,0,1.551583197,0
330_1-66_5,non-IBD,373,0,0,1.551583197,0
330_1-97_1,IBD,18,0,0,2.009823945,0
330_1-97_1,non-IBD,63,0,0,2.009823945,0
334_1-335_1,IBD,460,0,0,0.053550731,-0.057291666666666664
334_1-335_1,non-IBD,1152,66,0.057291666666666664,0.053550731,-0.057291666666666664
334_1-338_1,IBD,579,0,0,0.2038262610000001,-0.03917050691244239
334_1-338_1,non-IBD,1736,68,0.03917050691244239,0.2038262610000001,-0.03917050691244239
334_1-39_5,IBD,63,0,0,1.908169912,0
334_1-39_5,non-IBD,60,0,0,1.908169912,0
334_1-42_2,IBD,17,0,0,1.898869558,0
334_1-42_2,non-IBD,137,0,0,1.898869558,0
334_1-43_1,IBD,18,0,0,1.905458568,0
334_1-43_1,non-IBD,46,0,0,1.905458568,0
334_1-44_1,IBD,40,0,0,1.910530706,0
334_1-44_1,non-IBD,96,0,0,1.910530706,0
334_1-44_3,IBD,13,0,0,1.911241146,0
334_1-44_3,non-IBD,163,0,0,1.911241146,0
334_1-45_1,IBD,616,0,0,1.990707459,0
334_1-45_1,non-IBD,928,0,0,1.990707459,0
334_1-48_2,IBD,328,0,0,1.921552835,0
334_1-48_2,non-IBD,287,0,0,1.921552835,0
334_1-66_3,IBD,52,11,0.21153846153846154,1.5400972280000005,0.21153846153846154
334_1-66_3,non-IBD,63,0,0,1.5400972280000005,0.21153846153846154
334_1-66_5,IBD,260,0,0,1.533055012,0
334_1-66_5,non-IBD,797,0,0,1.533055012,0
334_1-90_1,IBD,94,0,0,1.7991218309999997,0
334_1-90_1,non-IBD,16,0,0,1.7991218309999997,0
334_1-96_1,IBD,52,0,0,1.959147679,0
334_1-96_1,non-IBD,96,0,0,1.959147679,0
334_1-97_1,IBD,43,0,0,1.99129576,0
334_1-97_1,non-IBD,107,0,0,1.99129576,0
334_3-335_1,IBD,44,1,0.022727272727272728,0.0606970949999996,-0.006157189424121693
334_3-335_1,non-IBD,2008,58,0.02888446215139442,0.0606970949999996,-0.006157189424121693
334_3-338_1,IBD,166,0,0,0.2109726250000001,-0.046296296296296294
334_3-338_1,non-IBD,1080,50,0.046296296296296294,0.2109726250000001,-0.046296296296296294
334_3-45_1,IBD,18,0,0,1.997853823,0
334_3-45_1,non-IBD,369,0,0,1.997853823,0
334_3-48_2,IBD,13,0,0,1.928699199,0
334_3-48_2,non-IBD,229,0,0,1.928699199,0
334_3-66_5,IBD,545,0,0,1.540201376,0
334_3-66_5,non-IBD,506,0,0,1.540201376,0
335_1-33_1,IBD,56,0,0,1.895091957,0
335_1-33_1,non-IBD,201,0,0,1.895091957,0
335_1-336_1,IBD,243,0,0,0.1848525299999996,0
335_1-336_1,non-IBD,299,0,0,0.1848525299999996,0
335_1-338_1,IBD,14435,36,0.0024939383443020437,0.2010297639999998,-3.564179502347736e-4
335_1-338_1,non-IBD,25260,72,0.0028503562945368173,0.2010297639999998,-3.564179502347736e-4
335_1-36_1,IBD,20,0,0,1.913229349,0
335_1-36_1,non-IBD,210,0,0,1.913229349,0
335_1-37_1,IBD,63,0,0,1.906765762,0
335_1-37_1,non-IBD,236,0,0,1.906765762,0
335_1-39_2,IBD,20,0,0,1.900610418,0
335_1-39_2,non-IBD,318,0,0,1.900610418,0
335_1-39_5,IBD,142,0,0,1.905373415,0
335_1-39_5,non-IBD,1138,0,0,1.905373415,0
335_1-4_3,IBD,80,0,0,1.80000899,0
335_1-4_3,non-IBD,94,0,0,1.80000899,0
335_1-40_1,IBD,12,0,0,1.902184303,0
335_1-40_1,non-IBD,41,0,0,1.902184303,0
335_1-41_1,IBD,36,0,0,1.909906104,0
335_1-41_1,non-IBD,11,0,0,1.909906104,0
335_1-42_2,IBD,282,0,0,1.896073061,0
335_1-42_2,non-IBD,1394,0,0,1.896073061,0
335_1-43_1,IBD,24,0,0,1.902662071,0
335_1-43_1,non-IBD,1254,0,0,1.902662071,0
335_1-44_1,IBD,1458,0,0,1.907734209,0
335_1-44_1,non-IBD,982,0,0,1.907734209,0
335_1-44_3,IBD,496,0,0,1.9084446489999995,0
335_1-44_3,non-IBD,2004,0,0,1.9084446489999995,0
335_1-45_1,IBD,10734,0,0,1.987910962,0
335_1-45_1,non-IBD,14929,0,0,1.987910962,0
335_1-46_1,IBD,594,0,0,1.856534338,-2.2568269013766644e-4
335_1-46_1,non-IBD,4431,1,2.2568269013766644e-4,1.856534338,-2.2568269013766644e-4
335_1-47_2,IBD,72,0,0,1.860943853,0
335_1-47_2,non-IBD,149,0,0,1.860943853,0
335_1-48_2,IBD,2070,0,0,1.918756338,-8.008970046452026e-4
335_1-48_2,non-IBD,6243,5,8.008970046452026e-4,1.918756338,-8.008970046452026e-4
335_1-50_1,IBD,42,0,0,1.913719255,0
335_1-50_1,non-IBD,475,0,0,1.913719255,0
335_1-52_1,IBD,68,0,0,1.920832326,0
335_1-52_1,non-IBD,158,0,0,1.920832326,0
335_1-66_3,IBD,19,0,0,1.537300731,0
335_1-66_3,non-IBD,392,0,0,1.537300731,0
335_1-66_4,IBD,154,0,0,1.5317403089999997,0
335_1-66_4,non-IBD,107,0,0,1.5317403089999997,0
335_1-66_5,IBD,2377,16,0.006731173748422381,1.5302585149999997,0.002151198097660018
335_1-66_5,non-IBD,17249,79,0.004579975650762363,1.5302585149999997,0.002151198097660018
335_1-76_2,IBD,60,0,0,1.5266323509999995,0
335_1-76_2,non-IBD,266,0,0,1.5266323509999995,0
335_1-9_2,IBD,226,0,0,1.6911678799999998,0
335_1-9_2,non-IBD,153,0,0,1.6911678799999998,0
335_1-90_1,IBD,47,0,0,1.7963253339999994,0
335_1-90_1,non-IBD,759,0,0,1.7963253339999994,0
335_1-92_1,IBD,73,0,0,1.8594421999999995,0
335_1-92_1,non-IBD,318,0,0,1.8594421999999995,0
335_1-96_1,IBD,783,0,0,1.956351182,0
335_1-96_1,non-IBD,1206,0,0,1.956351182,0
335_1-97_1,IBD,1113,0,0,1.988499263,0
335_1-97_1,non-IBD,1116,0,0,1.988499263,0
336_1-338_1,IBD,748,17,0.022727272727272728,0.1781277420000002,-0.001224823081110507
336_1-338_1,non-IBD,167,4,0.023952095808383235,0.1781277420000002,-0.001224823081110507
336_1-42_2,IBD,20,0,0,1.914061609,0
336_1-42_2,non-IBD,26,0,0,1.914061609,0
336_1-45_1,IBD,591,0,0,2.00589951,0
336_1-45_1,non-IBD,52,0,0,2.00589951,0
336_1-48_2,IBD,168,0,0,1.936744886,0
336_1-48_2,non-IBD,33,0,0,1.936744886,0
336_1-66_5,IBD,961,0,0,1.548247063,0
336_1-66_5,non-IBD,106,0,0,1.548247063,0
338_1-33_1,IBD,77,0,0,1.929257739,0
338_1-33_1,non-IBD,69,0,0,1.929257739,0
338_1-36_1,IBD,40,0,0,1.947395131,0
338_1-36_1,non-IBD,117,0,0,1.947395131,0
338_1-37_1,IBD,15,0,0,1.940931544,0
338_1-37_1,non-IBD,296,0,0,1.940931544,0
338_1-39_2,IBD,13,0,0,1.9347762,0
338_1-39_2,non-IBD,187,0,0,1.9347762,0
338_1-39_5,IBD,93,0,0,1.939539197,-0.012127894156560088
338_1-39_5,non-IBD,907,11,0.012127894156560088,1.939539197,-0.012127894156560088
338_1-4_3,IBD,18,0,0,1.834174772,0
338_1-4_3,non-IBD,50,0,0,1.834174772,0
338_1-40_1,IBD,72,0,0,1.936350085,0
338_1-40_1,non-IBD,19,0,0,1.936350085,0
338_1-42_2,IBD,414,0,0,1.930238843,0
338_1-42_2,non-IBD,1039,0,0,1.930238843,0
338_1-43_1,IBD,150,0,0,1.9368278530000005,0
338_1-43_1,non-IBD,843,0,0,1.9368278530000005,0
338_1-44_1,IBD,1175,0,0,1.941899991,0
338_1-44_1,non-IBD,458,0,0,1.941899991,0
338_1-44_3,IBD,1009,0,0,1.942610431,0
338_1-44_3,non-IBD,1484,0,0,1.942610431,0
338_1-44_5,IBD,20,0,0,1.944994172,0
338_1-44_5,non-IBD,33,0,0,1.944994172,0
338_1-45_1,IBD,9815,0,0,2.022076744,0
338_1-45_1,non-IBD,10142,0,0,2.022076744,0
338_1-46_1,IBD,695,0,0,1.89070012,0
338_1-46_1,non-IBD,2780,0,0,1.89070012,0
338_1-48_2,IBD,2615,55,0.021032504780114723,1.95292212,0.021032504780114723
338_1-48_2,non-IBD,3905,0,0,1.95292212,0.021032504780114723
338_1-50_1,IBD,11,0,0,1.947885037,0
338_1-50_1,non-IBD,173,0,0,1.947885037,0
338_1-52_1,IBD,128,0,0,1.954998108,0
338_1-52_1,non-IBD,130,0,0,1.954998108,0
338_1-66_3,IBD,31,0,0,1.571466513,0
338_1-66_3,non-IBD,389,0,0,1.571466513,0
338_1-66_5,IBD,2449,36,0.014699877501020826,1.5644242970000002,0.014606758961119532
338_1-66_5,non-IBD,10739,1,9.311853990129435e-5,1.5644242970000002,0.014606758961119532
338_1-9_2,IBD,36,0,0,1.725333662,0
338_1-9_2,non-IBD,163,0,0,1.725333662,0
338_1-90_1,IBD,148,0,0,1.830491116,0
338_1-90_1,non-IBD,423,0,0,1.830491116,0
338_1-96_1,IBD,526,0,0,1.990516964,0
338_1-96_1,non-IBD,990,0,0,1.990516964,0
338_1-97_1,IBD,275,0,0,2.022665045,0
338_1-97_1,non-IBD,1047,0,0,2.022665045,0
36_1-66_5,IBD,12,0,0,1.826026826,0
36_1-66_5,non-IBD,64,0,0,1.826026826,0
37_1-45_1,IBD,42,41,0.9761904761904762,0.4780615179999996,0.8000246730816679
37_1-45_1,non-IBD,193,34,0.17616580310880828,0.4780615179999996,0.8000246730816679
37_1-48_2,IBD,35,32,0.9142857142857143,0.2031589539999996,0.14957983193277313
37_1-48_2,non-IBD,34,26,0.7647058823529411,0.2031589539999996,0.14957983193277313
39_1-66_5,IBD,12,0,0,1.811103476,0
39_1-66_5,non-IBD,23,0,0,1.811103476,0
39_5-48_2,IBD,56,51,0.9107142857142857,0.1515735029999998,0.4107142857142857
39_5-48_2,non-IBD,378,189,0.5,0.1515735029999998,0.4107142857142857
39_5-66_5,IBD,98,0,0,1.818170892,0
39_5-66_5,non-IBD,449,0,0,1.818170892,0
40_1-48_2,IBD,30,0,0,0.1985774949999998,-0.2727272727272727
40_1-48_2,non-IBD,22,6,0.2727272727272727,0.1985774949999998,-0.2727272727272727
40_1-66_5,IBD,24,0,0,1.81498178,0
40_1-66_5,non-IBD,15,0,0,1.81498178,0
42_2-44_1,IBD,39,34,0.8717948717948718,0.071183086,0.3717948717948718
42_2-44_1,non-IBD,30,15,0.5,0.071183086,0.3717948717948718
42_2-44_3,IBD,43,40,0.9302325581395349,0.0718935259999997,0.48418939267190897
42_2-44_3,non-IBD,139,62,0.4460431654676259,0.0718935259999997,0.48418939267190897
42_2-45_1,IBD,488,382,0.7827868852459017,0.4673688170000001,0.522995762530497
42_2-45_1,non-IBD,766,199,0.2597911227154047,0.4673688170000001,0.522995762530497
42_2-46_1,IBD,19,9,0.47368421052631576,0.246881611,0.07368421052631574
42_2-46_1,non-IBD,220,88,0.4,0.246881611,0.07368421052631574
42_2-48_2,IBD,128,77,0.6015625,0.1924662529999996,0.15519571799307957
42_2-48_2,non-IBD,289,129,0.4463667820069204,0.1924662529999996,0.15519571799307957
42_2-66_5,IBD,102,0,0,1.808870538,0
42_2-66_5,non-IBD,655,0,0,1.808870538,0
42_2-96_1,IBD,38,0,0,2.439210611,0
42_2-96_1,non-IBD,51,0,0,2.439210611,0
43_1-44_1,IBD,15,0,0,0.0587964099999998,-0.7045454545454546
43_1-44_1,non-IBD,44,31,0.7045454545454546,0.0587964099999998,-0.7045454545454546
43_1-44_3,IBD,15,12,0.8,0.05950685,0.027722772277227747
43_1-44_3,non-IBD,101,78,0.7722772277227723,0.05950685,0.027722772277227747
43_1-45_1,IBD,141,113,0.8014184397163121,0.473957827,0.49615528182157526
43_1-45_1,non-IBD,475,145,0.30526315789473685,0.473957827,0.49615528182157526
43_1-46_1,IBD,24,7,0.2916666666666667,0.2534706210000004,-0.027173913043478215
43_1-46_1,non-IBD,138,44,0.3188405797101449,0.2534706210000004,-0.027173913043478215
43_1-48_2,IBD,99,90,0.9090909090909091,0.1990552629999999,0.29675610732879454
43_1-48_2,non-IBD,227,139,0.6123348017621145,0.1990552629999999,0.29675610732879454
43_1-66_5,IBD,27,0,0,1.815459548,-0.0039603960396039604
43_1-66_5,non-IBD,505,2,0.0039603960396039604,1.815459548,-0.0039603960396039604
44_1-44_3,IBD,37,25,0.6756756756756757,0.018028584,0.23567567567567566
44_1-44_3,non-IBD,50,22,0.44,0.018028584,0.23567567567567566
44_1-45_1,IBD,1166,557,0.4777015437392796,0.4790299649999996,0.28395154373927955
44_1-45_1,non-IBD,160,31,0.19375,0.4790299649999996,0.28395154373927955
44_1-46_1,IBD,47,47,1,0.2585427589999995,0.4
44_1-46_1,non-IBD,85,51,0.6,0.2585427589999995,0.4
44_1-48_2,IBD,213,167,0.784037558685446,0.2041274009999996,0.016841791489678792
44_1-48_2,non-IBD,189,145,0.7671957671957672,0.2041274009999996,0.016841791489678792
44_1-66_5,IBD,104,0,0,1.820531686,-0.005420054200542005
44_1-66_5,non-IBD,369,2,0.005420054200542005,1.820531686,-0.005420054200542005
44_3-45_1,IBD,750,336,0.448,0.4797404049999998,0.0808392246294185
44_3-45_1,non-IBD,877,322,0.3671607753705815,0.4797404049999998,0.0808392246294185
44_3-46_1,IBD,59,23,0.3898305084745763,0.2592531990000002,0.04500292226767971
44_3-46_1,non-IBD,261,90,0.3448275862068966,0.2592531990000002,0.04500292226767971
44_3-48_2,IBD,347,260,0.7492795389048992,0.2048378409999998,0.22994252233031354
44_3-48_2,non-IBD,362,188,0.5193370165745856,0.2048378409999998,0.22994252233031354
44_3-52_1,IBD,12,4,0.3333333333333333,0.2069138289999998,0.1111111111111111
44_3-52_1,non-IBD,27,6,0.2222222222222222,0.2069138289999998,0.1111111111111111
44_3-66_3,IBD,16,0,0,1.828284342,0
44_3-66_3,non-IBD,34,0,0,1.828284342,0
44_3-66_5,IBD,362,0,0,1.821242126,-0.002277904328018223
44_3-66_5,non-IBD,878,2,0.002277904328018223,1.821242126,-0.002277904328018223
44_3-90_1,IBD,16,0,0,2.291556350999999,0
44_3-90_1,non-IBD,77,0,0,2.291556350999999,0
44_3-96_1,IBD,27,0,0,2.451582199,0
44_3-96_1,non-IBD,38,0,0,2.451582199,0
44_3-97_1,IBD,46,0,0,2.48373028,0
44_3-97_1,non-IBD,87,0,0,2.48373028,0
44_5-66_5,IBD,22,0,0,1.823625867,0
44_5-66_5,non-IBD,21,0,0,1.823625867,0
45_1-4_3,IBD,120,56,0.4666666666666667,0.9941849159999996,-0.21904761904761905
45_1-4_3,non-IBD,70,48,0.6857142857142857,0.9941849159999996,-0.21904761904761905
45_1-46_1,IBD,897,269,0.29988851727982163,0.4278300939999995,-0.1344163083293518
45_1-46_1,non-IBD,2093,909,0.43430482560917344,0.4278300939999995,-0.1344163083293518
45_1-47_2,IBD,60,58,0.9666666666666667,0.4322396089999998,0.3833333333333333
45_1-47_2,non-IBD,60,35,0.5833333333333334,0.4322396089999998,0.3833333333333333
45_1-48_2,IBD,2627,1882,0.7164065473924629,0.4900520939999997,0.13894875196048673
45_1-48_2,non-IBD,2014,1163,0.5774577954319762,0.4900520939999997,0.13894875196048673
45_1-50_1,IBD,39,8,0.20512820512820512,0.4850150109999998,-0.09487179487179487
45_1-50_1,non-IBD,60,18,0.3,0.4850150109999998,-0.09487179487179487
45_1-52_1,IBD,58,0,0,0.4921280819999998,-0.15384615384615385
45_1-52_1,non-IBD,52,8,0.15384615384615385,0.4921280819999998,-0.15384615384615385
45_1-66_5,IBD,1558,0,0,1.9007084389999995,-0.004470426409903714
45_1-66_5,non-IBD,5816,26,0.004470426409903714,1.9007084389999995,-0.004470426409903714
45_1-9_2,IBD,114,2,0.017543859649122806,1.1428621299999997,-0.2732362821948488
45_1-9_2,non-IBD,141,41,0.2907801418439716,1.1428621299999997,-0.2732362821948488
45_1-90_1,IBD,224,0,0,2.3710226639999994,0
45_1-90_1,non-IBD,57,0,0,2.3710226639999994,0
45_1-92_1,IBD,26,0,0,2.434139529999999,0
45_1-92_1,non-IBD,172,0,0,2.434139529999999,0
45_1-96_1,IBD,559,0,0,2.5310485119999995,0
45_1-96_1,non-IBD,245,0,0,2.5310485119999995,0
45_1-97_1,IBD,795,0,0,2.563196593,0
45_1-97_1,non-IBD,497,0,0,2.563196593,0
45_1-99_2,IBD,23,0,0,2.36313712,0
45_1-99_2,non-IBD,40,0,0,2.36313712,0
46_1-48_2,IBD,64,53,0.828125,0.2695648880000001,0.26592404306220097
46_1-48_2,non-IBD,836,470,0.562200956937799,0.2695648880000001,0.26592404306220097
46_1-66_5,IBD,66,0,0,1.769331815,-0.0016483516483516484
46_1-66_5,non-IBD,1820,3,0.0016483516483516484,1.769331815,-0.0016483516483516484
46_1-96_1,IBD,19,0,0,2.399671888,0
46_1-96_1,non-IBD,87,0,0,2.399671888,0
46_1-97_1,IBD,48,0,0,2.431819969,0
46_1-97_1,non-IBD,119,0,0,2.431819969,0
48_2-52_1,IBD,20,17,0.85,0.0959490999999999,0.5365671641791044
48_2-52_1,non-IBD,67,21,0.31343283582089554,0.0959490999999999,0.5365671641791044
48_2-66_3,IBD,24,0,0,1.838596031,0
48_2-66_3,non-IBD,13,0,0,1.838596031,0
48_2-66_5,IBD,680,0,0,1.831553815,-0.0021156558533145277
48_2-66_5,non-IBD,2836,6,0.0021156558533145277,1.831553815,-0.0021156558533145277
48_2-90_1,IBD,26,0,0,2.301868039999999,0
48_2-90_1,non-IBD,71,0,0,2.301868039999999,0
48_2-96_1,IBD,25,0,0,2.461893888,0
48_2-96_1,non-IBD,225,0,0,2.461893888,0
48_2-97_1,IBD,81,0,0,2.4940419689999995,0
48_2-97_1,non-IBD,228,0,0,2.4940419689999995,0
50_1-97_1,IBD,11,0,0,2.489004886,0
50_1-97_1,non-IBD,14,0,0,2.489004886,0
52_1-66_5,IBD,16,0,0,1.833629803,0
52_1-66_5,non-IBD,61,0,0,1.833629803,0
66_3-66_5,IBD,20,9,0.45,0.0120697439999997,0.40652173913043477
66_3-66_5,non-IBD,46,2,0.043478260869565216,0.0120697439999997,0.40652173913043477
66_5-76_2,IBD,557,0,0,0.0801062999999997,-0.1069182389937107
66_5-76_2,non-IBD,159,17,0.1069182389937107,0.0801062999999997,-0.1069182389937107
66_5-90_1,IBD,55,0,0,1.9133702169999995,0
66_5-90_1,non-IBD,343,0,0,1.9133702169999995,0
66_5-96_1,IBD,181,0,0,2.073396065,0
66_5-96_1,non-IBD,538,0,0,2.073396065,0
66_5-97_1,IBD,180,0,0,2.105544146,0
66_5-97_1,non-IBD,686,0,0,2.105544146,0
66_5-99_2,IBD,11,0,0,1.905484673,0
66_5-99_2,non-IBD,58,0,0,1.905484673,0
96_1-97_1,IBD,91,10,0.10989010989010989,0.111470047,-0.06402293358815098
96_1-97_1,non-IBD,69,12,0.17391304347826086,0.111470047,-0.06402293358815098
