species_pair,phylogeny,group,total,positive,negative
101_1-102_1,0.9496774879999998,IBD,21,0,21
101_1-102_1,0.9496774879999998,non-IBD,13,0,13
101_1-335_1,2.022973672,IBD,608,0,608
101_1-335_1,2.022973672,non-IBD,403,0,403
101_1-338_1,2.057139454,IBD,104,0,104
101_1-338_1,2.057139454,non-IBD,347,0,347
101_1-66_5,2.140018555,IBD,78,0,78
101_1-66_5,2.140018555,non-IBD,163,0,163
102_1-120_1,0.7895888919999994,IBD,36,0,36
102_1-120_1,0.7895888919999994,non-IBD,29,0,29
102_1-229_3,0.9209054669999994,IBD,65,0,65
102_1-229_3,0.9209054669999994,non-IBD,84,0,84
102_1-238_3,0.9013490939999992,IBD,24,0,24
102_1-238_3,0.9013490939999992,non-IBD,21,0,21
102_1-32_1,2.561545438999999,IBD,14,0,14
102_1-32_1,2.561545438999999,non-IBD,26,0,26
102_1-334_1,2.081956739,IBD,13,0,13
102_1-334_1,2.081956739,non-IBD,42,0,42
102_1-335_1,2.0791602419999995,IBD,202,0,202
102_1-335_1,2.0791602419999995,non-IBD,834,0,834
102_1-338_1,2.113326023999999,IBD,63,0,63
102_1-338_1,2.113326023999999,non-IBD,524,0,524
102_1-45_1,2.653857572,IBD,38,0,38
102_1-45_1,2.653857572,non-IBD,333,0,333
102_1-48_2,2.584702947999999,IBD,47,0,47
102_1-48_2,2.584702947999999,non-IBD,195,0,195
102_1-66_5,2.196205124999999,IBD,150,0,150
102_1-66_5,2.196205124999999,non-IBD,310,0,310
102_2-32_1,2.5619510559999994,IBD,62,0,62
102_2-32_1,2.5619510559999994,non-IBD,23,0,23
102_2-334_1,2.082362356,IBD,23,0,23
102_2-334_1,2.082362356,non-IBD,27,0,27
102_2-335_1,2.079565859,IBD,72,0,72
102_2-335_1,2.079565859,non-IBD,305,0,305
102_2-338_1,2.113731641,IBD,27,0,27
102_2-338_1,2.113731641,non-IBD,153,0,153
102_2-45_1,2.654263188999999,IBD,54,0,54
102_2-45_1,2.654263188999999,non-IBD,86,0,86
102_2-46_1,2.522886564999999,IBD,12,0,12
102_2-46_1,2.522886564999999,non-IBD,18,0,18
102_2-48_2,2.585108564999999,IBD,14,0,14
102_2-48_2,2.585108564999999,non-IBD,56,0,56
102_2-66_5,2.1966107419999994,IBD,26,0,26
102_2-66_5,2.1966107419999994,non-IBD,141,0,141
102_2-97_1,0.7306782959999998,IBD,14,0,14
102_2-97_1,0.7306782959999998,non-IBD,17,0,17
109_1-326_1,1.944506526,IBD,13,0,13
109_1-326_1,1.944506526,non-IBD,18,0,18
109_1-335_1,2.025502293,IBD,20,0,20
109_1-335_1,2.025502293,non-IBD,56,0,56
109_1-338_1,2.059668075,IBD,13,0,13
109_1-338_1,2.059668075,non-IBD,22,0,22
109_1-66_5,2.142547175999999,IBD,23,0,23
109_1-66_5,2.142547175999999,non-IBD,23,0,23
10_1-335_1,1.6868521560000005,IBD,40,0,40
10_1-335_1,1.6868521560000005,non-IBD,50,0,50
10_1-338_1,1.721017938,IBD,26,0,26
10_1-338_1,1.721017938,non-IBD,43,0,43
10_1-48_2,1.0693917819999998,IBD,16,0,16
10_1-48_2,1.0693917819999998,non-IBD,14,0,14
10_1-66_5,1.599649633,IBD,28,0,28
10_1-66_5,1.599649633,non-IBD,16,0,16
10_2-26_2,1.1620874209999994,IBD,15,0,15
10_2-26_2,1.1620874209999994,non-IBD,67,18,49
10_2-32_1,1.0463501019999994,IBD,11,1,10
10_2-32_1,1.0463501019999994,non-IBD,30,3,27
10_2-334_1,1.689764482,IBD,11,0,11
10_2-334_1,1.689764482,non-IBD,77,0,77
10_2-335_1,1.6869679849999997,IBD,121,0,121
10_2-335_1,1.6869679849999997,non-IBD,1438,0,1438
10_2-338_1,1.7211337670000002,IBD,161,0,161
10_2-338_1,1.7211337670000002,non-IBD,780,0,780
10_2-44_3,1.0591959219999998,IBD,33,17,16
10_2-44_3,1.0591959219999998,non-IBD,58,13,45
10_2-45_1,1.1386622349999995,IBD,216,34,182
10_2-45_1,1.1386622349999995,non-IBD,623,177,446
10_2-48_2,1.0695076109999997,IBD,71,39,32
10_2-48_2,1.0695076109999997,non-IBD,246,77,169
10_2-66_5,1.599765462,IBD,18,0,18
10_2-66_5,1.599765462,non-IBD,488,0,488
10_2-96_1,2.230105535,IBD,15,0,15
10_2-96_1,2.230105535,non-IBD,31,0,31
10_2-97_1,2.262253616,IBD,36,0,36
10_2-97_1,2.262253616,non-IBD,37,0,37
111_1-45_1,2.5883892269999995,IBD,70,0,70
111_1-45_1,2.5883892269999995,non-IBD,86,0,86
112_1-179_1,1.3806238750000004,IBD,18,0,18
112_1-179_1,1.3806238750000004,non-IBD,35,0,35
112_1-229_3,0.8605092879999998,IBD,47,0,47
112_1-229_3,0.8605092879999998,non-IBD,142,0,142
112_1-233_3,0.8628419250000001,IBD,12,0,12
112_1-233_3,0.8628419250000001,non-IBD,14,0,14
112_1-238_3,0.8409529149999999,IBD,12,0,12
112_1-238_3,0.8409529149999999,non-IBD,21,0,21
112_1-26_2,2.6168865789999995,IBD,29,0,29
112_1-26_2,2.6168865789999995,non-IBD,104,0,104
112_1-326_1,1.937768296,IBD,22,0,22
112_1-326_1,1.937768296,non-IBD,58,0,58
112_1-32_1,2.50114926,IBD,69,0,69
112_1-32_1,2.50114926,non-IBD,46,0,46
112_1-334_1,2.02156056,IBD,15,0,15
112_1-334_1,2.02156056,non-IBD,81,0,81
112_1-335_1,2.018764063,IBD,288,0,288
112_1-335_1,2.018764063,non-IBD,1311,0,1311
112_1-336_1,2.036752611,IBD,87,0,87
112_1-336_1,2.036752611,non-IBD,12,0,12
112_1-338_1,2.0529298450000004,IBD,456,0,456
112_1-338_1,2.0529298450000004,non-IBD,695,0,695
112_1-43_1,2.508212502,IBD,12,0,12
112_1-43_1,2.508212502,non-IBD,53,0,53
112_1-44_1,2.51328464,IBD,25,0,25
112_1-44_1,2.51328464,non-IBD,27,0,27
112_1-44_3,2.51399508,IBD,20,0,20
112_1-44_3,2.51399508,non-IBD,80,0,80
112_1-45_1,2.593461393,IBD,398,0,398
112_1-45_1,2.593461393,non-IBD,346,0,346
112_1-46_1,2.462084769,IBD,30,0,30
112_1-46_1,2.462084769,non-IBD,153,0,153
112_1-48_2,2.524306769,IBD,92,0,92
112_1-48_2,2.524306769,non-IBD,401,0,401
112_1-66_3,2.142851162,IBD,24,0,24
112_1-66_3,2.142851162,non-IBD,27,0,27
112_1-66_5,2.135808946,IBD,148,0,148
112_1-66_5,2.135808946,non-IBD,677,0,677
112_1-96_1,0.8226588190000004,IBD,28,0,28
112_1-96_1,0.8226588190000004,non-IBD,39,4,35
112_1-97_1,0.8548069000000003,IBD,37,0,37
112_1-97_1,0.8548069000000003,non-IBD,42,2,40
113_1-335_1,1.980763898,IBD,120,0,120
113_1-335_1,1.980763898,non-IBD,12,0,12
113_1-338_1,2.01492968,IBD,24,0,24
113_1-338_1,2.01492968,non-IBD,27,0,27
113_1-66_5,2.097808781,IBD,23,0,23
113_1-66_5,2.097808781,non-IBD,23,0,23
114_1-66_5,2.093654822,IBD,26,0,26
114_1-66_5,2.093654822,non-IBD,97,0,97
114_1-96_1,0.7805046950000003,IBD,12,12,0
114_1-96_1,0.7805046950000003,non-IBD,16,0,16
114_2-334_1,1.979124192,IBD,12,0,12
114_2-334_1,1.979124192,non-IBD,115,0,115
114_2-338_1,2.010493477,IBD,26,0,26
114_2-338_1,2.010493477,non-IBD,121,0,121
114_2-45_1,2.5510250249999995,IBD,91,0,91
114_2-45_1,2.5510250249999995,non-IBD,117,0,117
114_2-48_2,2.481870401,IBD,51,0,51
114_2-48_2,2.481870401,non-IBD,23,0,23
119_1-120_1,0.1042140119999999,IBD,31,0,31
119_1-120_1,0.1042140119999999,non-IBD,18,0,18
119_1-283_1,1.4181970749999997,IBD,12,0,12
119_1-283_1,1.4181970749999997,non-IBD,66,0,66
119_1-334_3,1.873029263,IBD,61,0,61
119_1-334_3,1.873029263,non-IBD,18,0,18
119_1-335_1,1.8630864019999995,IBD,197,0,197
119_1-335_1,1.8630864019999995,non-IBD,937,0,937
119_1-338_1,1.897252184,IBD,49,0,49
119_1-338_1,1.897252184,non-IBD,522,0,522
119_1-66_5,1.980131285,IBD,115,0,115
119_1-66_5,1.980131285,non-IBD,508,0,508
11_1-335_1,1.6702016459999995,IBD,62,0,62
11_1-335_1,1.6702016459999995,non-IBD,282,0,282
11_1-338_1,1.704367428,IBD,20,0,20
11_1-338_1,1.704367428,non-IBD,148,0,148
11_1-66_5,1.5829991229999998,IBD,13,0,13
11_1-66_5,1.5829991229999998,non-IBD,192,0,192
120_1-229_3,0.7046303009999995,IBD,52,0,52
120_1-229_3,0.7046303009999995,non-IBD,85,0,85
120_1-334_3,1.872827937,IBD,41,0,41
120_1-334_3,1.872827937,non-IBD,36,0,36
120_1-335_1,1.8628850759999995,IBD,619,0,619
120_1-335_1,1.8628850759999995,non-IBD,439,0,439
120_1-338_1,1.897050858,IBD,151,0,151
120_1-338_1,1.897050858,non-IBD,198,0,198
120_1-45_1,2.437582406,IBD,32,0,32
120_1-45_1,2.437582406,non-IBD,80,0,80
120_1-48_2,2.3684277819999995,IBD,11,0,11
120_1-48_2,2.3684277819999995,non-IBD,88,0,88
120_1-66_5,1.979929959,IBD,355,0,355
120_1-66_5,1.979929959,non-IBD,133,0,133
120_1-76_2,1.976303795,IBD,214,0,214
120_1-76_2,1.976303795,non-IBD,12,0,12
121_1-338_1,2.006983463,IBD,12,0,12
121_1-338_1,2.006983463,non-IBD,128,0,128
121_1-45_1,2.547515011,IBD,22,0,22
121_1-45_1,2.547515011,non-IBD,72,0,72
121_1-66_5,2.089862564,IBD,65,0,65
121_1-66_5,2.089862564,non-IBD,67,0,67
121_1-97_1,0.8088605179999999,IBD,15,0,15
121_1-97_1,0.8088605179999999,non-IBD,17,0,17
125_1-229_3,0.7320696649999996,IBD,34,0,34
125_1-229_3,0.7320696649999996,non-IBD,106,0,106
125_1-233_3,0.7344023019999999,IBD,12,0,12
125_1-233_3,0.7344023019999999,non-IBD,12,0,12
125_1-335_1,1.89032444,IBD,80,0,80
125_1-335_1,1.89032444,non-IBD,1129,0,1129
125_1-338_1,1.924490222,IBD,107,0,107
125_1-338_1,1.924490222,non-IBD,632,0,632
125_1-42_2,2.373183869,IBD,28,0,28
125_1-42_2,2.373183869,non-IBD,44,0,44
125_1-44_3,2.385555457,IBD,25,0,25
125_1-44_3,2.385555457,non-IBD,27,0,27
125_1-45_1,2.465021769999999,IBD,263,0,263
125_1-45_1,2.465021769999999,non-IBD,268,0,268
125_1-48_2,2.395867146,IBD,33,0,33
125_1-48_2,2.395867146,non-IBD,186,0,186
125_1-66_5,2.007369323,IBD,16,0,16
125_1-66_5,2.007369323,non-IBD,407,0,407
125_1-96_1,0.6942191960000001,IBD,33,0,33
125_1-96_1,0.6942191960000001,non-IBD,53,0,53
125_1-97_1,0.726367277,IBD,22,0,22
125_1-97_1,0.726367277,non-IBD,68,1,67
12_1-32_1,1.0361317329999995,IBD,18,0,18
12_1-32_1,1.0361317329999995,non-IBD,15,0,15
13_1-335_1,1.6055784729999998,IBD,143,0,143
13_1-335_1,1.6055784729999998,non-IBD,213,0,213
13_1-338_1,1.639744255,IBD,109,0,109
13_1-338_1,1.639744255,non-IBD,160,0,160
13_1-45_1,1.0572727229999992,IBD,121,4,117
13_1-45_1,1.0572727229999992,non-IBD,52,1,51
13_1-48_2,0.9881180989999998,IBD,42,3,39
13_1-48_2,0.9881180989999998,non-IBD,22,2,20
13_1-66_5,1.51837595,IBD,26,0,26
13_1-66_5,1.51837595,non-IBD,62,0,62
14_1-229_3,2.177840413,IBD,55,0,55
14_1-229_3,2.177840413,non-IBD,31,0,31
14_1-335_1,1.758653134,IBD,189,0,189
14_1-335_1,1.758653134,non-IBD,442,0,442
14_1-338_1,1.7928189159999997,IBD,201,0,201
14_1-338_1,1.7928189159999997,non-IBD,221,0,221
14_1-42_2,0.8609911590000001,IBD,27,0,27
14_1-42_2,0.8609911590000001,non-IBD,33,5,28
14_1-44_3,0.8733627469999998,IBD,42,10,32
14_1-44_3,0.8733627469999998,non-IBD,26,10,16
14_1-45_1,0.9528290599999996,IBD,219,3,216
14_1-45_1,0.9528290599999996,non-IBD,106,33,73
14_1-48_2,0.8836744359999997,IBD,60,6,54
14_1-48_2,0.8836744359999997,non-IBD,96,18,78
14_1-66_5,1.6714506109999998,IBD,73,0,73
14_1-66_5,1.6714506109999998,non-IBD,161,0,161
14_1-96_1,2.301790684,IBD,14,0,14
14_1-96_1,2.301790684,non-IBD,15,0,15
14_1-97_1,2.333938765,IBD,29,0,29
14_1-97_1,2.333938765,non-IBD,15,0,15
171_1-66_5,1.98513711,IBD,26,0,26
171_1-66_5,1.98513711,non-IBD,25,0,25
179_1-229_3,1.1942607229999993,IBD,90,0,90
179_1-229_3,1.1942607229999993,non-IBD,74,0,74
179_1-233_3,1.1965933599999996,IBD,26,0,26
179_1-233_3,1.1965933599999996,non-IBD,20,0,20
179_1-26_2,2.199409874,IBD,54,0,54
179_1-26_2,2.199409874,non-IBD,11,0,11
179_1-338_1,1.63545314,IBD,54,0,54
179_1-338_1,1.63545314,non-IBD,130,0,130
179_1-46_1,2.044608064,IBD,13,0,13
179_1-46_1,2.044608064,non-IBD,22,0,22
179_1-48_2,2.106830064,IBD,12,0,12
179_1-48_2,2.106830064,non-IBD,15,0,15
180_1-229_3,1.206736487999999,IBD,30,0,30
180_1-229_3,1.206736487999999,non-IBD,26,0,26
180_1-238_3,1.1871801149999994,IBD,45,0,45
180_1-238_3,1.1871801149999994,non-IBD,63,0,63
180_1-335_1,1.6137631229999998,IBD,12,0,12
180_1-335_1,1.6137631229999998,non-IBD,74,0,74
180_1-338_1,1.6479289049999994,IBD,72,0,72
180_1-338_1,1.6479289049999994,non-IBD,41,0,41
180_1-45_1,2.188460453,IBD,78,0,78
180_1-45_1,2.188460453,non-IBD,18,0,18
180_1-48_2,2.1193058289999995,IBD,30,0,30
180_1-48_2,2.1193058289999995,non-IBD,18,0,18
180_1-66_5,1.7308080059999995,IBD,154,0,154
180_1-66_5,1.7308080059999995,non-IBD,74,0,74
181_3-229_3,1.2014751089999995,IBD,19,0,19
181_3-229_3,1.2014751089999995,non-IBD,95,0,95
181_3-335_1,1.6085017439999996,IBD,24,0,24
181_3-335_1,1.6085017439999996,non-IBD,211,0,211
181_3-338_1,1.6426675259999997,IBD,17,0,17
181_3-338_1,1.6426675259999997,non-IBD,99,0,99
181_3-45_1,2.183199074,IBD,30,0,30
181_3-45_1,2.183199074,non-IBD,21,0,21
181_3-66_5,1.7255466269999995,IBD,23,0,23
181_3-66_5,1.7255466269999995,non-IBD,70,0,70
192_1-335_1,1.617319461,IBD,20,0,20
192_1-335_1,1.617319461,non-IBD,33,0,33
192_1-338_1,1.6514852429999995,IBD,13,0,13
192_1-338_1,1.6514852429999995,non-IBD,96,0,96
193_2-45_1,2.2214150269999995,IBD,29,0,29
193_2-45_1,2.2214150269999995,non-IBD,276,0,276
204_1-335_1,1.6338713679999992,IBD,12,0,12
204_1-335_1,1.6338713679999992,non-IBD,75,0,75
204_1-66_5,1.7509162509999996,IBD,26,0,26
204_1-66_5,1.7509162509999996,non-IBD,183,0,183
20_1-226_1,2.3182823059999995,IBD,32,0,32
20_1-226_1,2.3182823059999995,non-IBD,11,0,11
20_1-26_2,0.1399771210000002,IBD,14,0,14
20_1-26_2,0.1399771210000002,non-IBD,44,20,24
20_1-32_1,0.4778416559999998,IBD,36,28,8
20_1-32_1,0.4778416559999998,non-IBD,29,10,19
20_1-334_1,2.00165453,IBD,39,0,39
20_1-334_1,2.00165453,non-IBD,12,0,12
20_1-335_1,1.998858033,IBD,346,0,346
20_1-335_1,1.998858033,non-IBD,709,0,709
20_1-338_1,2.033023815,IBD,120,0,120
20_1-338_1,2.033023815,non-IBD,402,0,402
20_1-39_5,0.4876162420000001,IBD,21,21,0
20_1-39_5,0.4876162420000001,non-IBD,25,1,24
20_1-45_1,0.1653756569999998,IBD,285,75,210
20_1-45_1,0.1653756569999998,non-IBD,208,21,187
20_1-46_1,0.4387771649999998,IBD,14,12,2
20_1-46_1,0.4387771649999998,non-IBD,52,9,43
20_1-48_2,0.5009991650000001,IBD,102,42,60
20_1-48_2,0.5009991650000001,non-IBD,185,49,136
20_1-66_5,1.91165551,IBD,44,0,44
20_1-66_5,1.91165551,non-IBD,368,0,368
20_1-97_1,2.574143664,IBD,77,0,77
20_1-97_1,2.574143664,non-IBD,37,0,37
20_1-9_2,1.1538092009999996,IBD,14,14,0
20_1-9_2,1.1538092009999996,non-IBD,14,10,4
219_1-331_1,1.712690181,IBD,30,0,30
219_1-331_1,1.712690181,non-IBD,15,0,15
219_1-335_1,1.7127893999999997,IBD,690,0,690
219_1-335_1,1.7127893999999997,non-IBD,164,0,164
219_1-338_1,1.7469551819999996,IBD,330,0,330
219_1-338_1,1.7469551819999996,non-IBD,116,0,116
219_1-66_5,1.829834283,IBD,120,0,120
219_1-66_5,1.829834283,non-IBD,33,0,33
223_1-335_1,1.7456674569999997,IBD,126,0,126
223_1-335_1,1.7456674569999997,non-IBD,584,0,584
223_1-338_1,1.7798332389999996,IBD,182,0,182
223_1-338_1,1.7798332389999996,non-IBD,301,0,301
223_1-66_5,1.86271234,IBD,189,0,189
223_1-66_5,1.86271234,non-IBD,253,0,253
224_1-335_1,1.7403169809999997,IBD,32,0,32
224_1-335_1,1.7403169809999997,non-IBD,126,0,126
224_1-338_1,1.7744827629999995,IBD,85,0,85
224_1-338_1,1.7744827629999995,non-IBD,36,0,36
224_1-45_1,2.315014310999999,IBD,46,0,46
224_1-45_1,2.315014310999999,non-IBD,13,0,13
224_1-48_2,2.245859687,IBD,14,0,14
224_1-48_2,2.245859687,non-IBD,27,0,27
224_1-66_5,1.857361864,IBD,99,0,99
224_1-66_5,1.857361864,non-IBD,55,0,55
226_1-226_2,0.0074782500000001,IBD,22,2,20
226_1-226_2,0.0074782500000001,non-IBD,28,0,28
226_1-229_3,0.5045252279999999,IBD,39,0,39
226_1-229_3,0.5045252279999999,non-IBD,37,0,37
226_1-318_56,1.6019864519999998,IBD,17,0,17
226_1-318_56,1.6019864519999998,non-IBD,34,0,34
226_1-326_1,1.6516421379999997,IBD,202,0,202
226_1-326_1,1.6516421379999997,non-IBD,16,0,16
226_1-32_1,2.2150231019999995,IBD,72,0,72
226_1-32_1,2.2150231019999995,non-IBD,127,0,127
226_1-335_1,1.7326379049999996,IBD,230,0,230
226_1-335_1,1.7326379049999996,non-IBD,1067,2,1065
226_1-338_1,1.7668036869999997,IBD,179,0,179
226_1-338_1,1.7668036869999997,non-IBD,230,0,230
226_1-39_5,2.224797688,IBD,42,0,42
226_1-39_5,2.224797688,non-IBD,31,0,31
226_1-44_3,2.2278689219999994,IBD,18,0,18
226_1-44_3,2.2278689219999994,non-IBD,44,0,44
226_1-45_1,2.307335235,IBD,108,0,108
226_1-45_1,2.307335235,non-IBD,106,0,106
226_1-48_2,2.238180611,IBD,62,0,62
226_1-48_2,2.238180611,non-IBD,204,14,190
226_1-66_5,1.8496827879999995,IBD,434,0,434
226_1-66_5,1.8496827879999995,non-IBD,472,0,472
226_1-96_1,0.6983334009999997,IBD,34,0,34
226_1-96_1,0.6983334009999997,non-IBD,15,0,15
226_1-97_1,0.7304814819999996,IBD,44,0,44
226_1-97_1,0.7304814819999996,non-IBD,49,7,42
226_2-338_1,1.7666268889999996,IBD,36,0,36
226_2-338_1,1.7666268889999996,non-IBD,211,0,211
226_2-45_1,2.307158437,IBD,23,0,23
226_2-45_1,2.307158437,non-IBD,229,0,229
226_2-66_5,1.8495059899999995,IBD,25,0,25
226_2-66_5,1.8495059899999995,non-IBD,167,0,167
228_1-229_3,0.2348490529999995,IBD,30,0,30
228_1-229_3,0.2348490529999995,non-IBD,26,0,26
228_1-338_1,1.887000186,IBD,96,44,52
228_1-338_1,1.887000186,non-IBD,28,0,28
228_1-48_2,2.35837711,IBD,24,1,23
228_1-48_2,2.35837711,non-IBD,11,0,11
228_1-66_5,1.969879287,IBD,18,0,18
228_1-66_5,1.969879287,non-IBD,47,0,47
228_2-66_5,1.967850455,IBD,19,0,19
228_2-66_5,1.967850455,non-IBD,18,0,18
229_3-233_1,0.2154876549999995,IBD,26,0,26
229_3-233_1,0.2154876549999995,non-IBD,52,3,49
229_3-233_3,0.2167481969999998,IBD,144,0,144
229_3-233_3,0.2167481969999998,non-IBD,153,2,151
229_3-26_2,2.430523427,IBD,135,0,135
229_3-26_2,2.430523427,non-IBD,205,0,205
229_3-318_56,1.7017494579999994,IBD,26,0,26
229_3-318_56,1.7017494579999994,non-IBD,294,0,294
229_3-326_1,1.7514051439999996,IBD,82,0,82
229_3-326_1,1.7514051439999996,non-IBD,121,0,121
229_3-32_1,2.3147861079999994,IBD,11,0,11
229_3-32_1,2.3147861079999994,non-IBD,118,0,118
229_3-330_1,1.853725593,IBD,31,0,31
229_3-330_1,1.853725593,non-IBD,52,0,52
229_3-334_1,1.835197408,IBD,18,0,18
229_3-334_1,1.835197408,non-IBD,305,0,305
229_3-335_1,1.832400911,IBD,397,0,397
229_3-335_1,1.832400911,non-IBD,2263,12,2251
229_3-338_1,1.8665666929999991,IBD,592,19,573
229_3-338_1,1.8665666929999991,non-IBD,1509,0,1509
229_3-42_2,2.31526034,IBD,122,0,122
229_3-42_2,2.31526034,non-IBD,91,0,91
229_3-44_1,2.326921487999999,IBD,76,0,76
229_3-44_1,2.326921487999999,non-IBD,70,0,70
229_3-44_3,2.327631928,IBD,71,0,71
229_3-44_3,2.327631928,non-IBD,128,0,128
229_3-45_1,2.407098240999999,IBD,986,0,986
229_3-45_1,2.407098240999999,non-IBD,360,0,360
229_3-46_1,2.275721616999999,IBD,41,0,41
229_3-46_1,2.275721616999999,non-IBD,295,0,295
229_3-48_2,2.337943616999999,IBD,131,0,131
229_3-48_2,2.337943616999999,non-IBD,542,1,541
229_3-52_1,2.340019605,IBD,13,0,13
229_3-52_1,2.340019605,non-IBD,21,0,21
229_3-66_5,1.949445794,IBD,271,0,271
229_3-66_5,1.949445794,non-IBD,832,0,832
229_3-90_1,0.6380705589999995,IBD,30,0,30
229_3-90_1,0.6380705589999995,non-IBD,72,0,72
229_3-96_1,0.7980964069999996,IBD,59,0,59
229_3-96_1,0.7980964069999996,non-IBD,121,0,121
229_3-97_1,0.8302444879999995,IBD,28,0,28
229_3-97_1,0.8302444879999995,non-IBD,151,0,151
233_1-338_1,1.867638788,IBD,69,0,69
233_1-338_1,1.867638788,non-IBD,30,0,30
233_1-45_1,2.408170335999999,IBD,70,0,70
233_1-45_1,2.408170335999999,non-IBD,11,0,11
233_1-48_2,2.339015712,IBD,22,0,22
233_1-48_2,2.339015712,non-IBD,40,0,40
233_1-66_5,1.950517889,IBD,16,0,16
233_1-66_5,1.950517889,non-IBD,54,0,54
233_3-26_2,2.432856064,IBD,46,0,46
233_3-26_2,2.432856064,non-IBD,21,0,21
233_3-335_1,1.834733548,IBD,28,0,28
233_3-335_1,1.834733548,non-IBD,242,0,242
233_3-338_1,1.86889933,IBD,246,48,198
233_3-338_1,1.86889933,non-IBD,120,0,120
233_3-42_2,2.317592977,IBD,43,0,43
233_3-42_2,2.317592977,non-IBD,13,0,13
233_3-44_3,2.329964565,IBD,26,0,26
233_3-44_3,2.329964565,non-IBD,13,0,13
233_3-45_1,2.409430878,IBD,339,0,339
233_3-45_1,2.409430878,non-IBD,23,0,23
233_3-46_1,2.278054254,IBD,12,0,12
233_3-46_1,2.278054254,non-IBD,22,0,22
233_3-48_2,2.3402762539999995,IBD,68,1,67
233_3-48_2,2.3402762539999995,non-IBD,50,0,50
233_3-66_5,1.951778431,IBD,93,0,93
233_3-66_5,1.951778431,non-IBD,67,0,67
234_1-335_1,1.8278702609999995,IBD,54,0,54
234_1-335_1,1.8278702609999995,non-IBD,16,0,16
234_2-338_1,1.858681455,IBD,24,0,24
234_2-338_1,1.858681455,non-IBD,18,0,18
238_3-32_1,2.295229734999999,IBD,51,0,51
238_3-32_1,2.295229734999999,non-IBD,21,0,21
238_3-336_1,1.8308330859999995,IBD,60,0,60
238_3-336_1,1.8308330859999995,non-IBD,21,0,21
238_3-43_1,2.302292977,IBD,18,0,18
238_3-43_1,2.302292977,non-IBD,21,0,21
238_3-44_3,2.3080755549999994,IBD,96,0,96
238_3-44_3,2.3080755549999994,non-IBD,21,0,21
238_3-45_1,2.387541867999999,IBD,596,0,596
238_3-45_1,2.387541867999999,non-IBD,24,0,24
238_3-66_5,1.9298894209999995,IBD,346,0,346
238_3-66_5,1.9298894209999995,non-IBD,106,0,106
239_1-66_5,1.9298925609999995,IBD,42,0,42
239_1-66_5,1.9298925609999995,non-IBD,13,0,13
240_1-335_1,1.874376056,IBD,16,0,16
240_1-335_1,1.874376056,non-IBD,268,0,268
240_1-338_1,1.908541838,IBD,16,0,16
240_1-338_1,1.908541838,non-IBD,133,0,133
240_1-45_1,2.449073385999999,IBD,19,0,19
240_1-45_1,2.449073385999999,non-IBD,93,0,93
240_1-66_5,1.991420939,IBD,31,0,31
240_1-66_5,1.991420939,non-IBD,87,0,87
252_1-335_1,1.5531333069999995,IBD,26,0,26
252_1-335_1,1.5531333069999995,non-IBD,61,0,61
252_1-45_1,2.127830637,IBD,36,0,36
252_1-45_1,2.127830637,non-IBD,37,0,37
252_1-66_5,1.67017819,IBD,24,0,24
252_1-66_5,1.67017819,non-IBD,45,0,45
267_1-335_1,1.827533756,IBD,87,0,87
267_1-335_1,1.827533756,non-IBD,17,0,17
268_1-66_5,1.9624474569999992,IBD,17,0,17
268_1-66_5,1.9624474569999992,non-IBD,37,0,37
269_1-335_1,1.8404988229999992,IBD,44,0,44
269_1-335_1,1.8404988229999992,non-IBD,51,0,51
26_2-283_1,2.318840725,IBD,12,0,12
26_2-283_1,2.318840725,non-IBD,15,0,15
26_2-326_1,1.930340381,IBD,24,0,24
26_2-326_1,1.930340381,non-IBD,120,0,120
26_2-330_1,2.03266083,IBD,20,0,20
26_2-330_1,2.03266083,non-IBD,58,0,58
26_2-334_1,2.014132645,IBD,45,0,45
26_2-334_1,2.014132645,non-IBD,94,0,94
26_2-335_1,2.011336148,IBD,698,0,698
26_2-335_1,2.011336148,non-IBD,2113,0,2113
26_2-338_1,2.0455019299999995,IBD,807,0,807
26_2-338_1,2.0455019299999995,non-IBD,1505,0,1505
26_2-42_2,0.490794003,IBD,17,6,11
26_2-42_2,0.490794003,non-IBD,103,21,82
26_2-44_1,0.5024551509999999,IBD,125,22,103
26_2-44_1,0.5024551509999999,non-IBD,37,13,24
26_2-44_3,0.5031655909999997,IBD,26,5,21
26_2-44_3,0.5031655909999997,non-IBD,127,36,91
26_2-45_1,0.1778537720000002,IBD,1008,339,669
26_2-45_1,0.1778537720000002,non-IBD,743,426,317
26_2-46_1,0.4512552799999998,IBD,71,4,67
26_2-46_1,0.4512552799999998,non-IBD,238,102,136
26_2-48_2,0.5134772799999996,IBD,175,68,107
26_2-48_2,0.5134772799999996,non-IBD,479,203,276
26_2-66_5,1.924133625,IBD,59,0,59
26_2-66_5,1.924133625,non-IBD,1139,0,1139
26_2-96_1,2.554473698,IBD,41,0,41
26_2-96_1,2.554473698,non-IBD,72,0,72
26_2-97_1,2.5866217789999992,IBD,66,0,66
26_2-97_1,2.5866217789999992,non-IBD,56,0,56
283_1-338_1,1.7548839909999996,IBD,120,0,120
283_1-338_1,1.7548839909999996,non-IBD,198,0,198
283_1-45_1,2.2954155389999995,IBD,112,0,112
283_1-45_1,2.2954155389999995,non-IBD,76,0,76
283_1-48_2,2.226260915,IBD,34,0,34
283_1-48_2,2.226260915,non-IBD,133,0,133
283_1-66_5,1.837763092,IBD,57,0,57
283_1-66_5,1.837763092,non-IBD,225,0,225
297_1-335_1,1.662755157,IBD,15,0,15
297_1-335_1,1.662755157,non-IBD,62,0,62
297_1-338_1,1.6969209389999995,IBD,42,0,42
297_1-338_1,1.6969209389999995,non-IBD,58,0,58
297_1-45_1,2.237452487,IBD,36,0,36
297_1-45_1,2.237452487,non-IBD,14,0,14
297_1-66_5,1.77980004,IBD,27,0,27
297_1-66_5,1.77980004,non-IBD,31,0,31
298_1-335_1,1.876371791,IBD,54,0,54
298_1-335_1,1.876371791,non-IBD,54,0,54
298_1-338_1,1.910537573,IBD,22,0,22
298_1-338_1,1.910537573,non-IBD,69,0,69
298_1-45_1,2.451069121,IBD,24,0,24
298_1-45_1,2.451069121,non-IBD,19,0,19
300_1-338_1,1.917143895,IBD,16,0,16
300_1-338_1,1.917143895,non-IBD,27,0,27
30_1-335_1,2.000165646,IBD,33,0,33
30_1-335_1,2.000165646,non-IBD,153,0,153
30_1-45_1,0.3972282219999998,IBD,33,0,33
30_1-45_1,0.3972282219999998,non-IBD,18,12,6
318_19-335_1,1.0290614379999998,IBD,67,0,67
318_19-335_1,1.0290614379999998,non-IBD,271,0,271
318_19-338_1,1.06322722,IBD,199,0,199
318_19-338_1,1.06322722,non-IBD,42,0,42
318_19-44_3,1.777873221,IBD,24,0,24
318_19-44_3,1.777873221,non-IBD,18,0,18
318_19-48_2,1.7881849099999998,IBD,136,3,133
318_19-48_2,1.7881849099999998,non-IBD,28,0,28
318_19-66_5,1.399687087,IBD,64,0,64
318_19-66_5,1.399687087,non-IBD,40,0,40
318_21-335_1,1.028337466,IBD,52,0,52
318_21-335_1,1.028337466,non-IBD,323,3,320
318_21-66_5,1.398963115,IBD,104,0,104
318_21-66_5,1.398963115,non-IBD,165,0,165
318_24-338_1,1.062047622,IBD,84,0,84
318_24-338_1,1.062047622,non-IBD,12,0,12
318_24-48_2,1.7870053119999998,IBD,33,0,33
318_24-48_2,1.7870053119999998,non-IBD,12,0,12
318_24-66_5,1.398507489,IBD,27,0,27
318_24-66_5,1.398507489,non-IBD,12,0,12
318_38-335_1,1.0304847499999998,IBD,32,0,32
318_38-335_1,1.0304847499999998,non-IBD,113,0,113
318_56-326_1,0.59222312,IBD,27,0,27
318_56-326_1,0.59222312,non-IBD,120,5,115
318_56-32_1,1.7649473759999998,IBD,32,0,32
318_56-32_1,1.7649473759999998,non-IBD,258,0,258
318_56-334_1,1.0317779100000002,IBD,44,0,44
318_56-334_1,1.0317779100000002,non-IBD,229,0,229
318_56-335_1,1.028981413,IBD,842,0,842
318_56-335_1,1.028981413,non-IBD,3387,1,3386
318_56-338_1,1.063147195,IBD,292,0,292
318_56-338_1,1.063147195,non-IBD,2911,1,2910
318_56-39_5,1.774721962,IBD,14,0,14
318_56-39_5,1.774721962,non-IBD,110,0,110
318_56-42_2,1.765421608,IBD,14,0,14
318_56-42_2,1.765421608,non-IBD,116,0,116
318_56-44_1,1.7770827559999998,IBD,47,0,47
318_56-44_1,1.7770827559999998,non-IBD,97,0,97
318_56-44_3,1.777793196,IBD,22,0,22
318_56-44_3,1.777793196,non-IBD,233,0,233
318_56-45_1,1.857259509,IBD,291,0,291
318_56-45_1,1.857259509,non-IBD,1193,0,1193
318_56-48_2,1.788104885,IBD,65,0,65
318_56-48_2,1.788104885,non-IBD,547,2,545
318_56-66_5,1.399607062,IBD,138,0,138
318_56-66_5,1.399607062,non-IBD,1624,2,1622
318_56-96_1,1.825699729,IBD,12,0,12
318_56-96_1,1.825699729,non-IBD,103,0,103
321_1-66_5,1.4684910480000002,IBD,144,0,144
321_1-66_5,1.4684910480000002,non-IBD,22,0,22
325_1-335_1,1.0981230539999998,IBD,20,0,20
325_1-335_1,1.0981230539999998,non-IBD,39,0,39
325_1-338_1,1.132288836,IBD,13,0,13
325_1-338_1,1.132288836,non-IBD,52,0,52
325_1-66_5,1.4687487030000002,IBD,14,0,14
325_1-66_5,1.4687487030000002,non-IBD,15,0,15
326_1-32_1,1.814603062,IBD,135,0,135
326_1-32_1,1.814603062,non-IBD,63,0,63
326_1-334_1,1.081433596,IBD,161,0,161
326_1-334_1,1.081433596,non-IBD,29,0,29
326_1-335_1,1.0786370989999998,IBD,547,0,547
326_1-335_1,1.0786370989999998,non-IBD,521,0,521
326_1-338_1,1.112802881,IBD,529,0,529
326_1-338_1,1.112802881,non-IBD,1388,2,1386
326_1-39_5,1.824377648,IBD,70,0,70
326_1-39_5,1.824377648,non-IBD,30,0,30
326_1-44_1,1.826738442,IBD,29,0,29
326_1-44_1,1.826738442,non-IBD,41,0,41
326_1-44_3,1.827448882,IBD,38,0,38
326_1-44_3,1.827448882,non-IBD,46,0,46
326_1-45_1,1.906915195,IBD,204,0,204
326_1-45_1,1.906915195,non-IBD,217,0,217
326_1-48_2,1.837760571,IBD,113,0,113
326_1-48_2,1.837760571,non-IBD,363,0,363
326_1-66_5,1.4492627480000002,IBD,598,0,598
326_1-66_5,1.4492627480000002,non-IBD,716,14,702
326_1-90_1,1.7153295669999995,IBD,22,0,22
326_1-90_1,1.7153295669999995,non-IBD,21,0,21
326_1-96_1,1.875355415,IBD,32,0,32
326_1-96_1,1.875355415,non-IBD,67,0,67
326_1-97_1,1.907503496,IBD,11,0,11
326_1-97_1,1.907503496,non-IBD,40,0,40
32_1-334_1,1.898395326,IBD,183,0,183
32_1-334_1,1.898395326,non-IBD,119,0,119
32_1-334_3,1.9055416899999995,IBD,24,0,24
32_1-334_3,1.9055416899999995,non-IBD,108,0,108
32_1-335_1,1.895598829,IBD,382,0,382
32_1-335_1,1.895598829,non-IBD,1524,0,1524
32_1-336_1,1.913587377,IBD,56,0,56
32_1-336_1,1.913587377,non-IBD,14,0,14
32_1-338_1,1.929764611,IBD,385,0,385
32_1-338_1,1.929764611,non-IBD,1476,0,1476
32_1-39_5,0.1786090979999994,IBD,56,0,56
32_1-39_5,0.1786090979999994,non-IBD,73,30,43
32_1-42_2,0.124894834,IBD,17,6,11
32_1-42_2,0.124894834,non-IBD,102,32,70
32_1-43_1,0.1314838439999999,IBD,72,0,72
32_1-43_1,0.1314838439999999,non-IBD,72,12,60
32_1-44_1,0.1365559819999999,IBD,117,86,31
32_1-44_1,0.1365559819999999,non-IBD,64,17,47
32_1-44_3,0.1372664219999997,IBD,133,37,96
32_1-44_3,0.1372664219999997,non-IBD,139,17,122
32_1-45_1,0.4668945849999999,IBD,682,275,407
32_1-45_1,0.4668945849999999,non-IBD,693,285,408
32_1-46_1,0.2464073789999998,IBD,116,61,55
32_1-46_1,0.2464073789999998,non-IBD,142,32,110
32_1-48_2,0.1919920209999994,IBD,329,220,109
32_1-48_2,0.1919920209999994,non-IBD,432,141,291
32_1-66_5,1.808396306,IBD,617,0,617
32_1-66_5,1.808396306,non-IBD,913,9,904
32_1-90_1,2.278710531,IBD,22,0,22
32_1-90_1,2.278710531,non-IBD,41,0,41
32_1-97_1,2.47088446,IBD,27,0,27
32_1-97_1,2.47088446,non-IBD,42,0,42
330_1-335_1,0.240108116,IBD,12,0,12
330_1-335_1,0.240108116,non-IBD,494,0,494
330_1-338_1,0.2742738979999997,IBD,32,0,32
330_1-338_1,0.2742738979999997,non-IBD,748,0,748
330_1-45_1,2.009235643999999,IBD,84,0,84
330_1-45_1,2.009235643999999,non-IBD,416,0,416
330_1-66_5,1.551583197,IBD,38,0,38
330_1-66_5,1.551583197,non-IBD,373,0,373
330_1-97_1,2.009823945,IBD,18,0,18
330_1-97_1,2.009823945,non-IBD,63,0,63
334_1-335_1,0.053550731,IBD,460,0,460
334_1-335_1,0.053550731,non-IBD,1152,66,1086
334_1-338_1,0.2038262610000001,IBD,579,0,579
334_1-338_1,0.2038262610000001,non-IBD,1736,68,1668
334_1-39_5,1.908169912,IBD,63,0,63
334_1-39_5,1.908169912,non-IBD,60,0,60
334_1-42_2,1.898869558,IBD,17,0,17
334_1-42_2,1.898869558,non-IBD,137,0,137
334_1-43_1,1.905458568,IBD,18,0,18
334_1-43_1,1.905458568,non-IBD,46,0,46
334_1-44_1,1.910530706,IBD,40,0,40
334_1-44_1,1.910530706,non-IBD,96,0,96
334_1-44_3,1.911241146,IBD,13,0,13
334_1-44_3,1.911241146,non-IBD,163,0,163
334_1-45_1,1.990707459,IBD,616,0,616
334_1-45_1,1.990707459,non-IBD,928,0,928
334_1-48_2,1.921552835,IBD,328,0,328
334_1-48_2,1.921552835,non-IBD,287,0,287
334_1-66_3,1.5400972280000005,IBD,52,11,41
334_1-66_3,1.5400972280000005,non-IBD,63,0,63
334_1-66_5,1.533055012,IBD,260,0,260
334_1-66_5,1.533055012,non-IBD,797,0,797
334_1-90_1,1.7991218309999997,IBD,94,0,94
334_1-90_1,1.7991218309999997,non-IBD,16,0,16
334_1-96_1,1.959147679,IBD,52,0,52
334_1-96_1,1.959147679,non-IBD,96,0,96
334_1-97_1,1.99129576,IBD,43,0,43
334_1-97_1,1.99129576,non-IBD,107,0,107
334_3-335_1,0.0606970949999996,IBD,44,1,43
334_3-335_1,0.0606970949999996,non-IBD,2008,58,1950
334_3-338_1,0.2109726250000001,IBD,166,0,166
334_3-338_1,0.2109726250000001,non-IBD,1080,50,1030
334_3-45_1,1.997853823,IBD,18,0,18
334_3-45_1,1.997853823,non-IBD,369,0,369
334_3-48_2,1.928699199,IBD,13,0,13
334_3-48_2,1.928699199,non-IBD,229,0,229
334_3-66_5,1.540201376,IBD,545,0,545
334_3-66_5,1.540201376,non-IBD,506,0,506
335_1-336_1,0.1848525299999996,IBD,243,0,243
335_1-336_1,0.1848525299999996,non-IBD,299,0,299
335_1-338_1,0.2010297639999998,IBD,14435,36,14399
335_1-338_1,0.2010297639999998,non-IBD,25260,72,25188
335_1-33_1,1.895091957,IBD,56,0,56
335_1-33_1,1.895091957,non-IBD,201,0,201
335_1-36_1,1.913229349,IBD,20,0,20
335_1-36_1,1.913229349,non-IBD,210,0,210
335_1-37_1,1.906765762,IBD,63,0,63
335_1-37_1,1.906765762,non-IBD,236,0,236
335_1-39_2,1.900610418,IBD,20,0,20
335_1-39_2,1.900610418,non-IBD,318,0,318
335_1-39_5,1.905373415,IBD,142,0,142
335_1-39_5,1.905373415,non-IBD,1138,0,1138
335_1-40_1,1.902184303,IBD,12,0,12
335_1-40_1,1.902184303,non-IBD,41,0,41
335_1-41_1,1.909906104,IBD,36,0,36
335_1-41_1,1.909906104,non-IBD,11,0,11
335_1-42_2,1.896073061,IBD,282,0,282
335_1-42_2,1.896073061,non-IBD,1394,0,1394
335_1-43_1,1.902662071,IBD,24,0,24
335_1-43_1,1.902662071,non-IBD,1254,0,1254
335_1-44_1,1.907734209,IBD,1458,0,1458
335_1-44_1,1.907734209,non-IBD,982,0,982
335_1-44_3,1.9084446489999995,IBD,496,0,496
335_1-44_3,1.9084446489999995,non-IBD,2004,0,2004
335_1-45_1,1.987910962,IBD,10734,0,10734
335_1-45_1,1.987910962,non-IBD,14929,0,14929
335_1-46_1,1.856534338,IBD,594,0,594
335_1-46_1,1.856534338,non-IBD,4431,1,4430
335_1-47_2,1.860943853,IBD,72,0,72
335_1-47_2,1.860943853,non-IBD,149,0,149
335_1-48_2,1.918756338,IBD,2070,0,2070
335_1-48_2,1.918756338,non-IBD,6243,5,6238
335_1-4_3,1.80000899,IBD,80,0,80
335_1-4_3,1.80000899,non-IBD,94,0,94
335_1-50_1,1.913719255,IBD,42,0,42
335_1-50_1,1.913719255,non-IBD,475,0,475
335_1-52_1,1.920832326,IBD,68,0,68
335_1-52_1,1.920832326,non-IBD,158,0,158
335_1-66_3,1.537300731,IBD,19,0,19
335_1-66_3,1.537300731,non-IBD,392,0,392
335_1-66_4,1.5317403089999997,IBD,154,0,154
335_1-66_4,1.5317403089999997,non-IBD,107,0,107
335_1-66_5,1.5302585149999997,IBD,2377,16,2361
335_1-66_5,1.5302585149999997,non-IBD,17249,79,17170
335_1-76_2,1.5266323509999995,IBD,60,0,60
335_1-76_2,1.5266323509999995,non-IBD,266,0,266
335_1-90_1,1.7963253339999994,IBD,47,0,47
335_1-90_1,1.7963253339999994,non-IBD,759,0,759
335_1-92_1,1.8594421999999995,IBD,73,0,73
335_1-92_1,1.8594421999999995,non-IBD,318,0,318
335_1-96_1,1.956351182,IBD,783,0,783
335_1-96_1,1.956351182,non-IBD,1206,0,1206
335_1-97_1,1.988499263,IBD,1113,0,1113
335_1-97_1,1.988499263,non-IBD,1116,0,1116
335_1-9_2,1.6911678799999998,IBD,226,0,226
335_1-9_2,1.6911678799999998,non-IBD,153,0,153
336_1-338_1,0.1781277420000002,IBD,748,17,731
336_1-338_1,0.1781277420000002,non-IBD,167,4,163
336_1-42_2,1.914061609,IBD,20,0,20
336_1-42_2,1.914061609,non-IBD,26,0,26
336_1-45_1,2.00589951,IBD,591,0,591
336_1-45_1,2.00589951,non-IBD,52,0,52
336_1-48_2,1.936744886,IBD,168,0,168
336_1-48_2,1.936744886,non-IBD,33,0,33
336_1-66_5,1.548247063,IBD,961,0,961
336_1-66_5,1.548247063,non-IBD,106,0,106
338_1-33_1,1.929257739,IBD,77,0,77
338_1-33_1,1.929257739,non-IBD,69,0,69
338_1-36_1,1.947395131,IBD,40,0,40
338_1-36_1,1.947395131,non-IBD,117,0,117
338_1-37_1,1.940931544,IBD,15,0,15
338_1-37_1,1.940931544,non-IBD,296,0,296
338_1-39_2,1.9347762,IBD,13,0,13
338_1-39_2,1.9347762,non-IBD,187,0,187
338_1-39_5,1.939539197,IBD,93,0,93
338_1-39_5,1.939539197,non-IBD,907,11,896
338_1-40_1,1.936350085,IBD,72,0,72
338_1-40_1,1.936350085,non-IBD,19,0,19
338_1-42_2,1.930238843,IBD,414,0,414
338_1-42_2,1.930238843,non-IBD,1039,0,1039
338_1-43_1,1.9368278530000005,IBD,150,0,150
338_1-43_1,1.9368278530000005,non-IBD,843,0,843
338_1-44_1,1.941899991,IBD,1175,0,1175
338_1-44_1,1.941899991,non-IBD,458,0,458
338_1-44_3,1.942610431,IBD,1009,0,1009
338_1-44_3,1.942610431,non-IBD,1484,0,1484
338_1-44_5,1.944994172,IBD,20,0,20
338_1-44_5,1.944994172,non-IBD,33,0,33
338_1-45_1,2.022076744,IBD,9815,0,9815
338_1-45_1,2.022076744,non-IBD,10142,0,10142
338_1-46_1,1.89070012,IBD,695,0,695
338_1-46_1,1.89070012,non-IBD,2780,0,2780
338_1-48_2,1.95292212,IBD,2615,55,2560
338_1-48_2,1.95292212,non-IBD,3905,0,3905
338_1-4_3,1.834174772,IBD,18,0,18
338_1-4_3,1.834174772,non-IBD,50,0,50
338_1-50_1,1.947885037,IBD,11,0,11
338_1-50_1,1.947885037,non-IBD,173,0,173
338_1-52_1,1.954998108,IBD,128,0,128
338_1-52_1,1.954998108,non-IBD,130,0,130
338_1-66_3,1.571466513,IBD,31,0,31
338_1-66_3,1.571466513,non-IBD,389,0,389
338_1-66_5,1.5644242970000002,IBD,2449,36,2413
338_1-66_5,1.5644242970000002,non-IBD,10739,1,10738
338_1-90_1,1.830491116,IBD,148,0,148
338_1-90_1,1.830491116,non-IBD,423,0,423
338_1-96_1,1.990516964,IBD,526,0,526
338_1-96_1,1.990516964,non-IBD,990,0,990
338_1-97_1,2.022665045,IBD,275,0,275
338_1-97_1,2.022665045,non-IBD,1047,0,1047
338_1-9_2,1.725333662,IBD,36,0,36
338_1-9_2,1.725333662,non-IBD,163,0,163
36_1-66_5,1.826026826,IBD,12,0,12
36_1-66_5,1.826026826,non-IBD,64,0,64
37_1-45_1,0.4780615179999996,IBD,42,41,1
37_1-45_1,0.4780615179999996,non-IBD,193,34,159
37_1-48_2,0.2031589539999996,IBD,35,32,3
37_1-48_2,0.2031589539999996,non-IBD,34,26,8
39_1-66_5,1.811103476,IBD,12,0,12
39_1-66_5,1.811103476,non-IBD,23,0,23
39_5-48_2,0.1515735029999998,IBD,56,51,5
39_5-48_2,0.1515735029999998,non-IBD,378,189,189
39_5-66_5,1.818170892,IBD,98,0,98
39_5-66_5,1.818170892,non-IBD,449,0,449
40_1-48_2,0.1985774949999998,IBD,30,0,30
40_1-48_2,0.1985774949999998,non-IBD,22,6,16
40_1-66_5,1.81498178,IBD,24,0,24
40_1-66_5,1.81498178,non-IBD,15,0,15
42_2-44_1,0.071183086,IBD,39,34,5
42_2-44_1,0.071183086,non-IBD,30,15,15
42_2-44_3,0.0718935259999997,IBD,43,40,3
42_2-44_3,0.0718935259999997,non-IBD,139,62,77
42_2-45_1,0.4673688170000001,IBD,488,382,106
42_2-45_1,0.4673688170000001,non-IBD,766,199,567
42_2-46_1,0.246881611,IBD,19,9,10
42_2-46_1,0.246881611,non-IBD,220,88,132
42_2-48_2,0.1924662529999996,IBD,128,77,51
42_2-48_2,0.1924662529999996,non-IBD,289,129,160
42_2-66_5,1.808870538,IBD,102,0,102
42_2-66_5,1.808870538,non-IBD,655,0,655
42_2-96_1,2.439210611,IBD,38,0,38
42_2-96_1,2.439210611,non-IBD,51,0,51
43_1-44_1,0.0587964099999998,IBD,15,0,15
43_1-44_1,0.0587964099999998,non-IBD,44,31,13
43_1-44_3,0.05950685,IBD,15,12,3
43_1-44_3,0.05950685,non-IBD,101,78,23
43_1-45_1,0.473957827,IBD,141,113,28
43_1-45_1,0.473957827,non-IBD,475,145,330
43_1-46_1,0.2534706210000004,IBD,24,7,17
43_1-46_1,0.2534706210000004,non-IBD,138,44,94
43_1-48_2,0.1990552629999999,IBD,99,90,9
43_1-48_2,0.1990552629999999,non-IBD,227,139,88
43_1-66_5,1.815459548,IBD,27,0,27
43_1-66_5,1.815459548,non-IBD,505,2,503
44_1-44_3,0.018028584,IBD,37,25,12
44_1-44_3,0.018028584,non-IBD,50,22,28
44_1-45_1,0.4790299649999996,IBD,1166,557,609
44_1-45_1,0.4790299649999996,non-IBD,160,31,129
44_1-46_1,0.2585427589999995,IBD,47,47,0
44_1-46_1,0.2585427589999995,non-IBD,85,51,34
44_1-48_2,0.2041274009999996,IBD,213,167,46
44_1-48_2,0.2041274009999996,non-IBD,189,145,44
44_1-66_5,1.820531686,IBD,104,0,104
44_1-66_5,1.820531686,non-IBD,369,2,367
44_3-45_1,0.4797404049999998,IBD,750,336,414
44_3-45_1,0.4797404049999998,non-IBD,877,322,555
44_3-46_1,0.2592531990000002,IBD,59,23,36
44_3-46_1,0.2592531990000002,non-IBD,261,90,171
44_3-48_2,0.2048378409999998,IBD,347,260,87
44_3-48_2,0.2048378409999998,non-IBD,362,188,174
44_3-52_1,0.2069138289999998,IBD,12,4,8
44_3-52_1,0.2069138289999998,non-IBD,27,6,21
44_3-66_3,1.828284342,IBD,16,0,16
44_3-66_3,1.828284342,non-IBD,34,0,34
44_3-66_5,1.821242126,IBD,362,0,362
44_3-66_5,1.821242126,non-IBD,878,2,876
44_3-90_1,2.291556350999999,IBD,16,0,16
44_3-90_1,2.291556350999999,non-IBD,77,0,77
44_3-96_1,2.451582199,IBD,27,0,27
44_3-96_1,2.451582199,non-IBD,38,0,38
44_3-97_1,2.48373028,IBD,46,0,46
44_3-97_1,2.48373028,non-IBD,87,0,87
44_5-66_5,1.823625867,IBD,22,0,22
44_5-66_5,1.823625867,non-IBD,21,0,21
45_1-46_1,0.4278300939999995,IBD,897,269,628
45_1-46_1,0.4278300939999995,non-IBD,2093,909,1184
45_1-47_2,0.4322396089999998,IBD,60,58,2
45_1-47_2,0.4322396089999998,non-IBD,60,35,25
45_1-48_2,0.4900520939999997,IBD,2627,1882,745
45_1-48_2,0.4900520939999997,non-IBD,2014,1163,851
45_1-4_3,0.9941849159999996,IBD,120,56,64
45_1-4_3,0.9941849159999996,non-IBD,70,48,22
45_1-50_1,0.4850150109999998,IBD,39,8,31
45_1-50_1,0.4850150109999998,non-IBD,60,18,42
45_1-52_1,0.4921280819999998,IBD,58,0,58
45_1-52_1,0.4921280819999998,non-IBD,52,8,44
45_1-66_5,1.9007084389999995,IBD,1558,0,1558
45_1-66_5,1.9007084389999995,non-IBD,5816,26,5790
45_1-90_1,2.3710226639999994,IBD,224,0,224
45_1-90_1,2.3710226639999994,non-IBD,57,0,57
45_1-92_1,2.434139529999999,IBD,26,0,26
45_1-92_1,2.434139529999999,non-IBD,172,0,172
45_1-96_1,2.5310485119999995,IBD,559,0,559
45_1-96_1,2.5310485119999995,non-IBD,245,0,245
45_1-97_1,2.563196593,IBD,795,0,795
45_1-97_1,2.563196593,non-IBD,497,0,497
45_1-99_2,2.36313712,IBD,23,0,23
45_1-99_2,2.36313712,non-IBD,40,0,40
45_1-9_2,1.1428621299999997,IBD,114,2,112
45_1-9_2,1.1428621299999997,non-IBD,141,41,100
46_1-48_2,0.2695648880000001,IBD,64,53,11
46_1-48_2,0.2695648880000001,non-IBD,836,470,366
46_1-66_5,1.769331815,IBD,66,0,66
46_1-66_5,1.769331815,non-IBD,1820,3,1817
46_1-96_1,2.399671888,IBD,19,0,19
46_1-96_1,2.399671888,non-IBD,87,0,87
46_1-97_1,2.431819969,IBD,48,0,48
46_1-97_1,2.431819969,non-IBD,119,0,119
48_2-52_1,0.0959490999999999,IBD,20,17,3
48_2-52_1,0.0959490999999999,non-IBD,67,21,46
48_2-66_3,1.838596031,IBD,24,0,24
48_2-66_3,1.838596031,non-IBD,13,0,13
48_2-66_5,1.831553815,IBD,680,0,680
48_2-66_5,1.831553815,non-IBD,2836,6,2830
48_2-90_1,2.301868039999999,IBD,26,0,26
48_2-90_1,2.301868039999999,non-IBD,71,0,71
48_2-96_1,2.461893888,IBD,25,0,25
48_2-96_1,2.461893888,non-IBD,225,0,225
48_2-97_1,2.4940419689999995,IBD,81,0,81
48_2-97_1,2.4940419689999995,non-IBD,228,0,228
50_1-97_1,2.489004886,IBD,11,0,11
50_1-97_1,2.489004886,non-IBD,14,0,14
52_1-66_5,1.833629803,IBD,16,0,16
52_1-66_5,1.833629803,non-IBD,61,0,61
66_3-66_5,0.0120697439999997,IBD,20,9,11
66_3-66_5,0.0120697439999997,non-IBD,46,2,44
66_5-76_2,0.0801062999999997,IBD,557,0,557
66_5-76_2,0.0801062999999997,non-IBD,159,17,142
66_5-90_1,1.9133702169999995,IBD,55,0,55
66_5-90_1,1.9133702169999995,non-IBD,343,0,343
66_5-96_1,2.073396065,IBD,181,0,181
66_5-96_1,2.073396065,non-IBD,538,0,538
66_5-97_1,2.105544146,IBD,180,0,180
66_5-97_1,2.105544146,non-IBD,686,0,686
66_5-99_2,1.905484673,IBD,11,0,11
66_5-99_2,1.905484673,non-IBD,58,0,58
96_1-97_1,0.111470047,IBD,91,10,81
96_1-97_1,0.111470047,non-IBD,69,12,57
